[{"model": "infra.article", "pk": 1, "fields": {"案件名": "サンプル", "土木事務所": "千葉土木事務所", "対象数": 10, "担当者名": "親　佐藤", "その他": "令和2年様式", "ファイルパス": "C:\\work\\django\\myproject\\program\\Infraproject\\infra\\static\\infra\\img"}}, {"model": "infra.article", "pk": 2, "fields": {"案件名": "お試し", "土木事務所": "八千代市役所", "対象数": 55, "担当者名": "佐藤", "その他": "なし", "ファイルパス": "C%3A%5CUsers%5Cdobokuka4%5CDesktop/(件名なし)/案件名/写真"}}, {"model": "infra.article", "pk": 4, "fields": {"案件名": "9月3日", "土木事務所": "あっち", "対象数": 5, "担当者名": "このひと", "その他": "ほか", "ファイルパス": "/work"}}, {"model": "infra.article", "pk": 5, "fields": {"案件名": "9月3日", "土木事務所": "あっち", "対象数": 5, "担当者名": "このひと", "その他": "ほか", "ファイルパス": "/work"}}, {"model": "infra.regulation", "pk": 1, "fields": {"交通規制": "無し"}}, {"model": "infra.regulation", "pk": 2, "fields": {"交通規制": "片側交互通行"}}, {"model": "infra.regulation", "pk": 3, "fields": {"交通規制": "車線減少"}}, {"model": "infra.regulation", "pk": 4, "fields": {"交通規制": "歩道規制"}}, {"model": "infra.regulation", "pk": 5, "fields": {"交通規制": "通行止め"}}, {"model": "infra.loadweight", "pk": 1, "fields": {"活荷重": "不明"}}, {"model": "infra.loadweight", "pk": 2, "fields": {"活荷重": "A活荷重"}}, {"model": "infra.loadweight", "pk": 3, "fields": {"活荷重": "B活荷重"}}, {"model": "infra.loadweight", "pk": 4, "fields": {"活荷重": "TL-20"}}, {"model": "infra.loadweight", "pk": 5, "fields": {"活荷重": "TL-14"}}, {"model": "infra.loadweight", "pk": 6, "fields": {"活荷重": "TL-6"}}, {"model": "infra.loadgrade", "pk": 1, "fields": {"等級": "不明"}}, {"model": "infra.loadgrade", "pk": 2, "fields": {"等級": "一等橋"}}, {"model": "infra.loadgrade", "pk": 3, "fields": {"等級": "二等橋"}}, {"model": "infra.loadgrade", "pk": 4, "fields": {"等級": "三等橋"}}, {"model": "infra.loadgrade", "pk": 5, "fields": {"等級": "その他"}}, {"model": "infra.rulebook", "pk": 1, "fields": {"適用示方書": "不明"}}, {"model": "infra.rulebook", "pk": 2, "fields": {"適用示方書": "平成29年 道路橋示方書"}}, {"model": "infra.rulebook", "pk": 3, "fields": {"適用示方書": "平成24年 道路橋示方書"}}, {"model": "infra.rulebook", "pk": 4, "fields": {"適用示方書": "平成14年 道路橋示方書"}}, {"model": "infra.rulebook", "pk": 5, "fields": {"適用示方書": "平成8年 道路橋示方書"}}, {"model": "infra.rulebook", "pk": 6, "fields": {"適用示方書": "平成5年 道路橋示方書"}}, {"model": "infra.rulebook", "pk": 7, "fields": {"適用示方書": "平成2年 道路橋示方書"}}, {"model": "infra.rulebook", "pk": 8, "fields": {"適用示方書": "昭和55年 道路橋示方書"}}, {"model": "infra.rulebook", "pk": 9, "fields": {"適用示方書": "昭和53年 道路橋示方書"}}, {"model": "infra.rulebook", "pk": 10, "fields": {"適用示方書": "昭和47年 道路橋示方書"}}, {"model": "infra.rulebook", "pk": 11, "fields": {"適用示方書": "昭和43年 プレストレスコンクリート道路橋示方書"}}, {"model": "infra.rulebook", "pk": 12, "fields": {"適用示方書": "昭和39年 鉄筋コンクリート道路橋示方書"}}, {"model": "infra.rulebook", "pk": 13, "fields": {"適用示方書": "昭和31年 鋼道路橋設計示方書"}}, {"model": "infra.rulebook", "pk": 14, "fields": {"適用示方書": "昭和15年 鋼道路橋設計示方書案"}}, {"model": "infra.rulebook", "pk": 15, "fields": {"適用示方書": "大正15年 道路構造に関する細則案"}}, {"model": "infra.approach", "pk": 1, "fields": {"近接方法": "地上"}}, {"model": "infra.approach", "pk": 2, "fields": {"近接方法": "梯子"}}, {"model": "infra.approach", "pk": 3, "fields": {"近接方法": "橋梁点検車"}}, {"model": "infra.approach", "pk": 4, "fields": {"近接方法": "高所作業車"}}, {"model": "infra.approach", "pk": 5, "fields": {"近接方法": "軌陸車"}}, {"model": "infra.approach", "pk": 6, "fields": {"近接方法": "ボート"}}, {"model": "infra.approach", "pk": 7, "fields": {"近接方法": "ロープアクセス"}}, {"model": "infra.approach", "pk": 8, "fields": {"近接方法": "ドローン"}}, {"model": "infra.approach", "pk": 9, "fields": {"近接方法": "ファイバースコープ"}}, {"model": "infra.approach", "pk": 10, "fields": {"近接方法": "画像解析"}}, {"model": "infra.thirdparty", "pk": 1, "fields": {"第三者点検": "有り"}}, {"model": "infra.thirdparty", "pk": 2, "fields": {"第三者点検": "無し"}}, {"model": "infra.undercondition", "pk": 1, "fields": {"路下条件": "河川"}}, {"model": "infra.undercondition", "pk": 2, "fields": {"路下条件": "水路"}}, {"model": "infra.undercondition", "pk": 3, "fields": {"路下条件": "湖沼"}}, {"model": "infra.undercondition", "pk": 4, "fields": {"路下条件": "海洋"}}, {"model": "infra.undercondition", "pk": 5, "fields": {"路下条件": "道路"}}, {"model": "infra.undercondition", "pk": 6, "fields": {"路下条件": "鉄道"}}, {"model": "infra.infra", "pk": 1, "fields": {"title": "サンプル橋", "径間数": 2, "橋長": "10.50", "全幅員": "2.50", "路線名": "22", "latitude": "", "longitude": "", "end_latitude": "", "end_longitude": "", "橋梁コード": "", "上部構造形式": "不明", "下部構造形式": "不明", "基礎構造形式": "不明", "海岸線との距離": "10.5", "特記事項": "", "カテゴリー": "bridge", "交通量": "10558", "大型車混入率": "10.2", "article": 1, "活荷重": [1], "等級": [3], "適用示方書": [3], "近接方法": [2], "交通規制": [1], "第三者点検": [2], "路下条件": [2]}}, {"model": "infra.infra", "pk": 3, "fields": {"title": "CAD確認用", "径間数": 1, "橋長": "10.00", "全幅員": "10.00", "路線名": "15", "latitude": "None", "longitude": "None", "end_latitude": "", "end_longitude": "", "橋梁コード": "", "上部構造形式": "1", "下部構造形式": "1", "基礎構造形式": "1", "海岸線との距離": "1", "特記事項": "", "カテゴリー": "bridge", "交通量": "555", "大型車混入率": "1.1", "article": 2, "活荷重": [1], "等級": [1], "適用示方書": [1], "近接方法": [1], "交通規制": [1], "第三者点検": [2], "路下条件": [1]}}, {"model": "infra.infra", "pk": 4, "fields": {"title": "旗揚げチェック", "径間数": 2, "橋長": "22.00", "全幅員": "22.00", "路線名": "", "latitude": "None", "longitude": "None", "end_latitude": "", "end_longitude": "", "橋梁コード": "", "上部構造形式": "1", "下部構造形式": "1", "基礎構造形式": "1", "海岸線との距離": "1", "特記事項": "", "カテゴリー": "bridge", "交通量": "", "大型車混入率": "", "article": 2, "活荷重": [1], "等級": [1], "適用示方書": [2], "近接方法": [1], "交通規制": [2], "第三者点検": [2], "路下条件": [2]}}, {"model": "infra.infra", "pk": 5, "fields": {"title": "旗揚げチェック2", "径間数": 2, "橋長": "22.00", "全幅員": "22.00", "路線名": "", "latitude": "None", "longitude": "None", "end_latitude": "", "end_longitude": "", "橋梁コード": "", "上部構造形式": "1", "下部構造形式": "1", "基礎構造形式": "1", "海岸線との距離": "1", "特記事項": "", "カテゴリー": "bridge", "交通量": "", "大型車混入率": "", "article": 2, "活荷重": [1], "等級": [2], "適用示方書": [1], "近接方法": [2], "交通規制": [2], "第三者点検": [1], "路下条件": [2]}}, {"model": "infra.infra", "pk": 6, "fields": {"title": "チェック255-000", "径間数": 2, "橋長": "22.00", "全幅員": "22.00", "路線名": "", "latitude": "None", "longitude": "None", "end_latitude": "", "end_longitude": "", "橋梁コード": "", "上部構造形式": "1", "下部構造形式": "1", "基礎構造形式": "1", "海岸線との距離": "1", "特記事項": "", "カテゴリー": "bridge", "交通量": "", "大型車混入率": "", "article": 2, "活荷重": [2], "等級": [2], "適用示方書": [1], "近接方法": [2], "交通規制": [2], "第三者点検": [2], "路下条件": [2]}}, {"model": "infra.infra", "pk": 7, "fields": {"title": "チェック255-000", "径間数": 2, "橋長": "22.00", "全幅員": "22.00", "路線名": "", "latitude": "None", "longitude": "None", "end_latitude": "", "end_longitude": "", "橋梁コード": "", "上部構造形式": "1", "下部構造形式": "1", "基礎構造形式": "1", "海岸線との距離": "1", "特記事項": "", "カテゴリー": "bridge", "交通量": "", "大型車混入率": "", "article": 2, "活荷重": [2], "等級": [2], "適用示方書": [1], "近接方法": [2], "交通規制": [2], "第三者点検": [2], "路下条件": [2]}}, {"model": "infra.infra", "pk": 8, "fields": {"title": "無名橋8", "径間数": 2, "橋長": "22.00", "全幅員": "22.00", "路線名": "", "latitude": "None", "longitude": "None", "end_latitude": "", "end_longitude": "", "橋梁コード": "", "上部構造形式": "1", "下部構造形式": "1", "基礎構造形式": "1", "海岸線との距離": "1", "特記事項": "", "カテゴリー": "bridge", "交通量": "", "大型車混入率": "", "article": 2, "活荷重": [2], "等級": [2], "適用示方書": [2], "近接方法": [2], "交通規制": [2], "第三者点検": [2], "路下条件": [2]}}, {"model": "infra.infra", "pk": 9, "fields": {"title": "無名橋8", "径間数": 2, "橋長": "22.00", "全幅員": "22.00", "路線名": "", "latitude": "None", "longitude": "None", "end_latitude": "", "end_longitude": "", "橋梁コード": "", "上部構造形式": "1", "下部構造形式": "1", "基礎構造形式": "1", "海岸線との距離": "1", "特記事項": "", "カテゴリー": "bridge", "交通量": "", "大型車混入率": "", "article": 1, "活荷重": [2], "等級": [2], "適用示方書": [2], "近接方法": [2], "交通規制": [2], "第三者点検": [2], "路下条件": [2]}}, {"model": "infra.infra", "pk": 10, "fields": {"title": "無名橋8", "径間数": 2, "橋長": "22.00", "全幅員": "22.00", "路線名": "", "latitude": "None", "longitude": "None", "end_latitude": "", "end_longitude": "", "橋梁コード": "", "上部構造形式": "1", "下部構造形式": "1", "基礎構造形式": "1", "海岸線との距離": "1", "特記事項": "", "カテゴリー": "bridge", "交通量": "", "大型車混入率": "", "article": 1, "活荷重": [2], "等級": [2], "適用示方書": [2], "近接方法": [2], "交通規制": [2], "第三者点検": [2], "路下条件": [2]}}, {"model": "infra.infra", "pk": 11, "fields": {"title": "無名橋8", "径間数": 2, "橋長": "22.00", "全幅員": "22.00", "路線名": "", "latitude": "None", "longitude": "None", "end_latitude": "", "end_longitude": "", "橋梁コード": "", "上部構造形式": "1", "下部構造形式": "1", "基礎構造形式": "1", "海岸線との距離": "1", "特記事項": "", "カテゴリー": "bridge", "交通量": "", "大型車混入率": "", "article": 1, "活荷重": [2], "等級": [2], "適用示方書": [2], "近接方法": [2], "交通規制": [2], "第三者点検": [2], "路下条件": [2]}}, {"model": "infra.infra", "pk": 12, "fields": {"title": "無名橋8", "径間数": 2, "橋長": "22.00", "全幅員": "22.00", "路線名": "", "latitude": "None", "longitude": "None", "end_latitude": "", "end_longitude": "", "橋梁コード": "", "上部構造形式": "1", "下部構造形式": "1", "基礎構造形式": "1", "海岸線との距離": "1", "特記事項": "", "カテゴリー": "bridge", "交通量": "", "大型車混入率": "", "article": 1, "活荷重": [2], "等級": [2], "適用示方書": [2], "近接方法": [2], "交通規制": [2], "第三者点検": [2], "路下条件": [2]}}, {"model": "infra.infra", "pk": 13, "fields": {"title": "無名橋8", "径間数": 2, "橋長": "22.00", "全幅員": "22.00", "路線名": "", "latitude": "None", "longitude": "None", "end_latitude": "", "end_longitude": "", "橋梁コード": "", "上部構造形式": "1", "下部構造形式": "1", "基礎構造形式": "1", "海岸線との距離": "1", "特記事項": "", "カテゴリー": "bridge", "交通量": "", "大型車混入率": "", "article": 1, "活荷重": [2], "等級": [2], "適用示方書": [2], "近接方法": [2], "交通規制": [2], "第三者点検": [2], "路下条件": [2]}}, {"model": "infra.infra", "pk": 14, "fields": {"title": "無名橋8", "径間数": 2, "橋長": "22.00", "全幅員": "22.00", "路線名": "", "latitude": "None", "longitude": "None", "end_latitude": "", "end_longitude": "", "橋梁コード": "", "上部構造形式": "1", "下部構造形式": "1", "基礎構造形式": "1", "海岸線との距離": "1", "特記事項": "", "カテゴリー": "bridge", "交通量": "", "大型車混入率": "", "article": 1, "活荷重": [2], "等級": [2], "適用示方書": [2], "近接方法": [2], "交通規制": [2], "第三者点検": [2], "路下条件": [2]}}, {"model": "infra.infra", "pk": 15, "fields": {"title": "無名橋8", "径間数": 2, "橋長": "22.00", "全幅員": "22.00", "路線名": "", "latitude": "None", "longitude": "None", "end_latitude": "", "end_longitude": "", "橋梁コード": "", "上部構造形式": "1", "下部構造形式": "1", "基礎構造形式": "1", "海岸線との距離": "1", "特記事項": "", "カテゴリー": "bridge", "交通量": "", "大型車混入率": "", "article": 1, "活荷重": [2], "等級": [2], "適用示方書": [2], "近接方法": [2], "交通規制": [2], "第三者点検": [2], "路下条件": [2]}}, {"model": "infra.infra", "pk": 16, "fields": {"title": "無名橋88", "径間数": 2, "橋長": "22.00", "全幅員": "22.00", "路線名": "", "latitude": "None", "longitude": "None", "end_latitude": "", "end_longitude": "", "橋梁コード": "", "上部構造形式": "1", "下部構造形式": "1", "基礎構造形式": "1", "海岸線との距離": "1", "特記事項": "", "カテゴリー": "bridge", "交通量": "", "大型車混入率": "", "article": 1, "活荷重": [2], "等級": [2], "適用示方書": [2], "近接方法": [2], "交通規制": [2], "第三者点検": [2], "路下条件": [2]}}, {"model": "infra.infra", "pk": 17, "fields": {"title": "無名橋", "径間数": 2, "橋長": "22.00", "全幅員": "22.00", "路線名": "", "latitude": "None", "longitude": "None", "end_latitude": "", "end_longitude": "", "橋梁コード": "", "上部構造形式": "1", "下部構造形式": "1", "基礎構造形式": "1", "海岸線との距離": "1", "特記事項": "", "カテゴリー": "bridge", "交通量": "", "大型車混入率": "", "article": 1, "活荷重": [2], "等級": [2], "適用示方書": [1], "近接方法": [3], "交通規制": [2], "第三者点検": [2], "路下条件": [2]}}, {"model": "infra.infra", "pk": 18, "fields": {"title": "無名橋", "径間数": 2, "橋長": "22.00", "全幅員": "22.00", "路線名": "", "latitude": "None", "longitude": "None", "end_latitude": "", "end_longitude": "", "橋梁コード": "", "上部構造形式": "1", "下部構造形式": "1", "基礎構造形式": "1", "海岸線との距離": "1", "特記事項": "", "カテゴリー": "bridge", "交通量": "", "大型車混入率": "", "article": 1, "活荷重": [2], "等級": [2], "適用示方書": [2], "近接方法": [2], "交通規制": [2], "第三者点検": [2], "路下条件": [2]}}, {"model": "infra.infra", "pk": 19, "fields": {"title": "無名橋", "径間数": 2, "橋長": "22.00", "全幅員": "22.00", "路線名": "", "latitude": "None", "longitude": "None", "end_latitude": "", "end_longitude": "", "橋梁コード": "", "上部構造形式": "1", "下部構造形式": "1", "基礎構造形式": "1", "海岸線との距離": "1", "特記事項": "", "カテゴリー": "bridge", "交通量": "", "大型車混入率": "", "article": 1, "活荷重": [2], "等級": [2], "適用示方書": [2], "近接方法": [2], "交通規制": [2], "第三者点検": [2], "路下条件": [2]}}, {"model": "infra.infra", "pk": 20, "fields": {"title": "緑橋", "径間数": 5, "橋長": "55.00", "全幅員": "22.00", "路線名": "", "latitude": "", "longitude": "", "end_latitude": "", "end_longitude": "", "橋梁コード": "5", "上部構造形式": "2", "下部構造形式": "2", "基礎構造形式": "2", "海岸線との距離": "2", "特記事項": "2", "カテゴリー": "bridge", "交通量": "1", "大型車混入率": "1", "article": 1, "活荷重": [2], "等級": [2], "適用示方書": [6], "近接方法": [2, 9], "交通規制": [2], "第三者点検": [2], "路下条件": [2]}}, {"model": "infra.infra", "pk": 21, "fields": {"title": "緑橋", "径間数": 1, "橋長": "1.00", "全幅員": "1.00", "路線名": "1", "latitude": "1", "longitude": "", "end_latitude": "1", "end_longitude": "1", "橋梁コード": "1", "上部構造形式": "1", "下部構造形式": "1", "基礎構造形式": "1", "海岸線との距離": "1", "特記事項": "1", "カテゴリー": "bridge", "交通量": "", "大型車混入率": "", "article": 5, "活荷重": [2], "等級": [2], "適用示方書": [6], "近接方法": [9], "交通規制": [2], "第三者点検": [2], "路下条件": [1]}}, {"model": "infra.table", "pk": 3, "fields": {"infra": 3, "dxf": "infra/table/dxf/121_損傷橋_GCCv4B4.dxf", "article": 2}}, {"model": "infra.table", "pk": 7, "fields": {"infra": 4, "dxf": "infra/table/dxf/121_2径間番号違い_slMncD7.dxf", "article": 2}}, {"model": "infra.table", "pk": 8, "fields": {"infra": 6, "dxf": "infra/table/dxf/121_2径間番号違い_左上.dxf", "article": 2}}, {"model": "infra.table", "pk": 9, "fields": {"infra": 5, "dxf": "infra/table/dxf/2013形式_アップロード.dxf", "article": 2}}, {"model": "infra.table", "pk": 11, "fields": {"infra": 1, "dxf": "infra/table/dxf/2013形式_アップロード_PLjUf3c.dxf", "article": 1}}, {"model": "infra.table", "pk": 12, "fields": {"infra": 10, "dxf": "infra/table/dxf/CAD変更一時保存.dxf", "article": 1}}, {"model": "infra.table", "pk": 13, "fields": {"infra": 8, "dxf": "dxf/CAD20240906.dxf", "article": 2}}, {"model": "infra.table", "pk": 14, "fields": {"infra": 7, "dxf": "dxf/1211_損傷橋.dxf", "article": 2}}, {"model": "infra.nameentry", "pk": 1, "fields": {"name": "佐藤", "alphabet": "S", "article": 1}}, {"model": "infra.nameentry", "pk": 2, "fields": {"name": "濵田", "alphabet": "H", "article": 1}}, {"model": "infra.nameentry", "pk": 3, "fields": {"name": "池", "alphabet": "I", "article": 1}}, {"model": "infra.nameentry", "pk": 4, "fields": {"name": "佐藤", "alphabet": "S", "article": 2}}, {"model": "infra.nameentry", "pk": 5, "fields": {"name": "濵田", "alphabet": "H", "article": 2}}, {"model": "infra.material", "pk": 2, "fields": {"材料": "鋼"}}, {"model": "infra.material", "pk": 3, "fields": {"材料": "コンクリート"}}, {"model": "infra.material", "pk": 4, "fields": {"材料": "ゴム"}}, {"model": "infra.material", "pk": 5, "fields": {"材料": "アスファルト"}}, {"model": "infra.material", "pk": 6, "fields": {"材料": "塩ビ"}}, {"model": "infra.material", "pk": 7, "fields": {"材料": "その他"}}, {"model": "infra.partsname", "pk": 1, "fields": {"部材名": "主桁", "記号": "Mg", "主要部材": true, "display_order": 1, "material": [2, 3, 7]}}, {"model": "infra.partsname", "pk": 2, "fields": {"部材名": "横桁", "記号": "Cr", "主要部材": true, "display_order": 2, "material": [2, 3, 7]}}, {"model": "infra.partsname", "pk": 3, "fields": {"部材名": "防護柵", "記号": "Gf", "主要部材": false, "display_order": 31, "material": [2, 3, 7]}}, {"model": "infra.partsname", "pk": 4, "fields": {"部材名": "支承本体", "記号": "Bh", "主要部材": false, "display_order": 23, "material": [2, 4, 7]}}, {"model": "infra.partsname", "pk": 5, "fields": {"部材名": "沓座モルタル", "記号": "Bm", "主要部材": false, "display_order": 24, "material": [2, 3, 7]}}, {"model": "infra.partsname", "pk": 6, "fields": {"部材名": "地覆", "記号": "Fg", "主要部材": false, "display_order": 32, "material": [2, 3, 7]}}, {"model": "infra.partsname", "pk": 7, "fields": {"部材名": "縦桁", "記号": "St", "主要部材": true, "display_order": 3, "material": [2, 3, 7]}}, {"model": "infra.partsname", "pk": 8, "fields": {"部材名": "橋台[胸壁]", "記号": "Ap", "主要部材": true, "display_order": 2, "material": [2, 3, 7]}}, {"model": "infra.partsname", "pk": 9, "fields": {"部材名": "橋台[竪壁]", "記号": "Ac", "主要部材": true, "display_order": 2, "material": [2, 3, 7]}}, {"model": "infra.partsname", "pk": 10, "fields": {"部材名": "橋台[翼壁]", "記号": "Aw", "主要部材": true, "display_order": 2, "material": [2, 3, 7]}}, {"model": "infra.partsname", "pk": 11, "fields": {"部材名": "基礎[フーチング]", "記号": "Ff", "主要部材": true, "display_order": 2, "material": [2, 3, 7]}}, {"model": "infra.partsname", "pk": 12, "fields": {"部材名": "橋脚[柱部・壁部]", "記号": "Pw", "主要部材": true, "display_order": 2, "material": [2, 3, 7]}}, {"model": "infra.partsname", "pk": 13, "fields": {"部材名": "橋脚[梁部]", "記号": "Pb", "主要部材": true, "display_order": 2, "material": [2, 3, 7]}}, {"model": "infra.partsname", "pk": 14, "fields": {"部材名": "橋脚[隅角部・接合部]", "記号": "Pc", "主要部材": true, "display_order": 2, "material": [2, 3, 7]}}, {"model": "infra.partsname", "pk": 15, "fields": {"部材名": "高欄", "記号": "Ra", "主要部材": false, "display_order": 2, "material": [2, 3, 7]}}, {"model": "infra.partsname", "pk": 16, "fields": {"部材名": "伸縮装置", "記号": "Ej", "主要部材": false, "display_order": 2, "material": [2, 4, 7]}}, {"model": "infra.partsname", "pk": 17, "fields": {"部材名": "縁石", "記号": "Cu", "主要部材": false, "display_order": 2, "material": [2, 3, 7]}}, {"model": "infra.partsname", "pk": 18, "fields": {"部材名": "舗装", "記号": "Pm", "主要部材": false, "display_order": 2, "material": [3, 5, 7]}}, {"model": "infra.partsname", "pk": 19, "fields": {"部材名": "排水ます", "記号": "Dr", "主要部材": false, "display_order": 2, "material": [2, 6, 7]}}, {"model": "infra.partsname", "pk": 20, "fields": {"部材名": "排水管", "記号": "Dp", "主要部材": false, "display_order": 2, "material": [2, 6, 7]}}, {"model": "infra.partsname", "pk": 21, "fields": {"部材名": "添架物", "記号": "Ut", "主要部材": false, "display_order": 2, "material": [2, 6, 7]}}, {"model": "infra.partsname", "pk": 22, "fields": {"部材名": "上横構", "記号": "Lu", "主要部材": false, "display_order": 2, "material": [2, 3, 7]}}, {"model": "infra.partsname", "pk": 23, "fields": {"部材名": "下横構", "記号": "Ll", "主要部材": false, "display_order": 2, "material": [2, 3, 7]}}, {"model": "infra.partsname", "pk": 24, "fields": {"部材名": "対傾構", "記号": "Cf", "主要部材": false, "display_order": 2, "material": [2, 3, 7]}}, {"model": "infra.partsnumber", "pk": 1, "fields": {"parts_name": 1, "number": "0101", "symbol": "Mg", "main_frame": true, "span_number": "1", "infra": 1, "article": 1, "unique_id": "a9a72832-1ff4-4fc3-ad0b-3a7ae227e605", "material": [3]}}, {"model": "infra.partsnumber", "pk": 2, "fields": {"parts_name": 1, "number": "0102", "symbol": "Mg", "main_frame": true, "span_number": "1", "infra": 1, "article": 1, "unique_id": "b0b2a44c-538f-43a1-b46b-6f70cbd00771", "material": [3]}}, {"model": "infra.partsnumber", "pk": 3, "fields": {"parts_name": 1, "number": "0103", "symbol": "Mg", "main_frame": true, "span_number": "1", "infra": 1, "article": 1, "unique_id": "7dcef2a0-fbc0-4c83-bfbe-ad51b20ade71", "material": [3]}}, {"model": "infra.partsnumber", "pk": 4, "fields": {"parts_name": 1, "number": "0104", "symbol": "Mg", "main_frame": true, "span_number": "1", "infra": 1, "article": 1, "unique_id": "79c9c6a3-c6ad-4892-ab81-cfe6eade80d6", "material": [3]}}, {"model": "infra.partsnumber", "pk": 6, "fields": {"parts_name": 1, "number": "0106", "symbol": "Mg", "main_frame": true, "span_number": "1", "infra": 1, "article": 1, "unique_id": "88865365-56ec-4c1a-aabb-7f4ff48520fd", "material": [3]}}, {"model": "infra.partsnumber", "pk": 7, "fields": {"parts_name": 1, "number": "0107", "symbol": "Mg", "main_frame": true, "span_number": "1", "infra": 1, "article": 1, "unique_id": "75110a2f-0820-436d-93f7-8c5d18e44a7b", "material": [3]}}, {"model": "infra.partsnumber", "pk": 8, "fields": {"parts_name": 1, "number": "0108", "symbol": "Mg", "main_frame": true, "span_number": "1", "infra": 1, "article": 1, "unique_id": "4f5fc00d-2f4e-4022-8181-46704a8eb2ac", "material": [3]}}, {"model": "infra.partsnumber", "pk": 9, "fields": {"parts_name": 1, "number": "0109", "symbol": "Mg", "main_frame": true, "span_number": "1", "infra": 1, "article": 1, "unique_id": "037f0ebd-a4cc-4d95-a40f-3df1f76335cf", "material": [3]}}, {"model": "infra.partsnumber", "pk": 10, "fields": {"parts_name": 1, "number": "0110", "symbol": "Mg", "main_frame": true, "span_number": "1", "infra": 1, "article": 1, "unique_id": "c8f4daaa-c523-4c3c-952d-91552f15dac3", "material": [3]}}, {"model": "infra.partsnumber", "pk": 11, "fields": {"parts_name": 1, "number": "0201", "symbol": "Mg", "main_frame": true, "span_number": "1", "infra": 1, "article": 1, "unique_id": "87cda1bd-d0d5-459b-b53c-620db628d640", "material": [3]}}, {"model": "infra.partsnumber", "pk": 12, "fields": {"parts_name": 1, "number": "0202", "symbol": "Mg", "main_frame": true, "span_number": "1", "infra": 1, "article": 1, "unique_id": "2efeefaa-775b-48fb-9384-16995c901c1f", "material": [3]}}, {"model": "infra.partsnumber", "pk": 13, "fields": {"parts_name": 1, "number": "0203", "symbol": "Mg", "main_frame": true, "span_number": "1", "infra": 1, "article": 1, "unique_id": "ec34d1ac-cb8b-440f-9e08-1a6019f6d48c", "material": [3]}}, {"model": "infra.partsnumber", "pk": 14, "fields": {"parts_name": 1, "number": "0204", "symbol": "Mg", "main_frame": true, "span_number": "1", "infra": 1, "article": 1, "unique_id": "18116197-b0c0-4cfc-b237-bd188f3e48b5", "material": [3]}}, {"model": "infra.partsnumber", "pk": 15, "fields": {"parts_name": 1, "number": "0205", "symbol": "Mg", "main_frame": true, "span_number": "1", "infra": 1, "article": 1, "unique_id": "a2d9ae68-9f54-44de-acc8-539d75e86b5f", "material": [3]}}, {"model": "infra.partsnumber", "pk": 16, "fields": {"parts_name": 1, "number": "0206", "symbol": "Mg", "main_frame": true, "span_number": "1", "infra": 1, "article": 1, "unique_id": "9236b041-3b2a-4532-9247-5dba7da43aa7", "material": [3]}}, {"model": "infra.partsnumber", "pk": 17, "fields": {"parts_name": 1, "number": "0207", "symbol": "Mg", "main_frame": true, "span_number": "1", "infra": 1, "article": 1, "unique_id": "d3efc52e-518c-49d0-90f9-46ae9ef4de10", "material": [3]}}, {"model": "infra.partsnumber", "pk": 18, "fields": {"parts_name": 1, "number": "0208", "symbol": "Mg", "main_frame": true, "span_number": "1", "infra": 1, "article": 1, "unique_id": "d74f685f-7125-408e-86a1-0ff28ee0ad1f", "material": [3]}}, {"model": "infra.partsnumber", "pk": 21, "fields": {"parts_name": 2, "number": "0101", "symbol": "Cr", "main_frame": true, "span_number": "1", "infra": 1, "article": 1, "unique_id": "572f5d49-2f95-4462-869a-a17c2903c701", "material": [3]}}, {"model": "infra.partsnumber", "pk": 22, "fields": {"parts_name": 2, "number": "0102", "symbol": "Cr", "main_frame": true, "span_number": "1", "infra": 1, "article": 1, "unique_id": "ddfb9ab2-9988-41e0-98c0-86843ab96848", "material": [3]}}, {"model": "infra.partsnumber", "pk": 23, "fields": {"parts_name": 2, "number": "0103", "symbol": "Cr", "main_frame": true, "span_number": "1", "infra": 1, "article": 1, "unique_id": "a743c02b-bdf6-498b-9b03-27d6a36eb9c1", "material": [3]}}, {"model": "infra.partsnumber", "pk": 24, "fields": {"parts_name": 2, "number": "0104", "symbol": "Cr", "main_frame": true, "span_number": "1", "infra": 1, "article": 1, "unique_id": "555e2d66-e023-41e3-aa54-a288bdd551a9", "material": [3]}}, {"model": "infra.partsnumber", "pk": 25, "fields": {"parts_name": 2, "number": "0201", "symbol": "Cr", "main_frame": true, "span_number": "1", "infra": 1, "article": 1, "unique_id": "b9293f40-28fd-4143-b96f-0f361feb3692", "material": [3]}}, {"model": "infra.partsnumber", "pk": 26, "fields": {"parts_name": 2, "number": "0202", "symbol": "Cr", "main_frame": true, "span_number": "1", "infra": 1, "article": 1, "unique_id": "3a63fc3e-f6b1-420b-ae39-b46b404e0127", "material": [3]}}, {"model": "infra.partsnumber", "pk": 27, "fields": {"parts_name": 2, "number": "0203", "symbol": "Cr", "main_frame": true, "span_number": "1", "infra": 1, "article": 1, "unique_id": "27843b9d-1ec1-455f-b45b-71f5da11e840", "material": [3]}}, {"model": "infra.partsnumber", "pk": 28, "fields": {"parts_name": 2, "number": "0204", "symbol": "Cr", "main_frame": true, "span_number": "1", "infra": 1, "article": 1, "unique_id": "56323df0-0dc6-488a-b695-6986bb65d778", "material": [3]}}, {"model": "infra.partsnumber", "pk": 29, "fields": {"parts_name": 2, "number": "0301", "symbol": "Cr", "main_frame": true, "span_number": "1", "infra": 1, "article": 1, "unique_id": "e2d72cd6-d057-4306-b0ee-6756c547b90f", "material": [3]}}, {"model": "infra.partsnumber", "pk": 30, "fields": {"parts_name": 2, "number": "0302", "symbol": "Cr", "main_frame": true, "span_number": "1", "infra": 1, "article": 1, "unique_id": "2c56080e-5cbf-4f03-8065-037c058ec594", "material": [3]}}, {"model": "infra.partsnumber", "pk": 31, "fields": {"parts_name": 2, "number": "0303", "symbol": "Cr", "main_frame": true, "span_number": "1", "infra": 1, "article": 1, "unique_id": "352c57fb-b098-4f20-91bd-58b2f31445a5", "material": [3]}}, {"model": "infra.partsnumber", "pk": 32, "fields": {"parts_name": 2, "number": "0304", "symbol": "Cr", "main_frame": true, "span_number": "1", "infra": 1, "article": 1, "unique_id": "b94a0567-dd79-4862-a610-c47246fb0b33", "material": [3]}}, {"model": "infra.partsnumber", "pk": 33, "fields": {"parts_name": 2, "number": "0401", "symbol": "Cr", "main_frame": true, "span_number": "1", "infra": 1, "article": 1, "unique_id": "34416440-50ff-472e-9ae1-a4b1159d2210", "material": [3]}}, {"model": "infra.partsnumber", "pk": 34, "fields": {"parts_name": 2, "number": "0402", "symbol": "Cr", "main_frame": true, "span_number": "1", "infra": 1, "article": 1, "unique_id": "b41b8a86-71f9-493a-8f11-14a4a9350e6c", "material": [3]}}, {"model": "infra.partsnumber", "pk": 35, "fields": {"parts_name": 2, "number": "0403", "symbol": "Cr", "main_frame": true, "span_number": "1", "infra": 1, "article": 1, "unique_id": "f656630a-5296-4849-a4cd-2114440ccf60", "material": [3]}}, {"model": "infra.partsnumber", "pk": 36, "fields": {"parts_name": 2, "number": "0404", "symbol": "Cr", "main_frame": true, "span_number": "1", "infra": 1, "article": 1, "unique_id": "f6517309-b58e-4e46-bd09-9623eb612cf7", "material": [3]}}, {"model": "infra.partsnumber", "pk": 37, "fields": {"parts_name": 2, "number": "0501", "symbol": "Cr", "main_frame": true, "span_number": "1", "infra": 1, "article": 1, "unique_id": "f939bd4d-a9e8-4348-8027-d7e4f46a9221", "material": [3]}}, {"model": "infra.partsnumber", "pk": 38, "fields": {"parts_name": 2, "number": "0502", "symbol": "Cr", "main_frame": true, "span_number": "1", "infra": 1, "article": 1, "unique_id": "ede89617-ec22-4ce6-aa46-cc00ffa7172f", "material": [3]}}, {"model": "infra.partsnumber", "pk": 39, "fields": {"parts_name": 2, "number": "0503", "symbol": "Cr", "main_frame": true, "span_number": "1", "infra": 1, "article": 1, "unique_id": "af7de723-f8b0-4391-9fd9-12870602b64e", "material": [3]}}, {"model": "infra.partsnumber", "pk": 40, "fields": {"parts_name": 2, "number": "0504", "symbol": "Cr", "main_frame": true, "span_number": "1", "infra": 1, "article": 1, "unique_id": "20350e88-5423-4550-88f4-75df8b792ecf", "material": [3]}}, {"model": "infra.partsnumber", "pk": 41, "fields": {"parts_name": 2, "number": "0601", "symbol": "Cr", "main_frame": true, "span_number": "1", "infra": 1, "article": 1, "unique_id": "b14c6d6f-0d6b-49c1-9a1c-9fde7cb39642", "material": [3]}}, {"model": "infra.partsnumber", "pk": 42, "fields": {"parts_name": 2, "number": "0602", "symbol": "Cr", "main_frame": true, "span_number": "1", "infra": 1, "article": 1, "unique_id": "9396bcdc-c7fd-4d20-8e55-d2b3b528973e", "material": [3]}}, {"model": "infra.partsnumber", "pk": 43, "fields": {"parts_name": 2, "number": "0603", "symbol": "Cr", "main_frame": true, "span_number": "1", "infra": 1, "article": 1, "unique_id": "9f420618-674c-40b2-b476-95bc4685d5b7", "material": [3]}}, {"model": "infra.partsnumber", "pk": 44, "fields": {"parts_name": 2, "number": "0604", "symbol": "Cr", "main_frame": true, "span_number": "1", "infra": 1, "article": 1, "unique_id": "dbd18726-4d00-4ca6-bb33-230985af500f", "material": [3]}}, {"model": "infra.partsnumber", "pk": 45, "fields": {"parts_name": 2, "number": "0701", "symbol": "Cr", "main_frame": true, "span_number": "1", "infra": 1, "article": 1, "unique_id": "ce797272-8e37-4cc1-b258-1893bba56f84", "material": [3]}}, {"model": "infra.partsnumber", "pk": 46, "fields": {"parts_name": 2, "number": "0702", "symbol": "Cr", "main_frame": true, "span_number": "1", "infra": 1, "article": 1, "unique_id": "b6c5167c-cbd2-4c06-aca9-fb35d6b6dde0", "material": [3]}}, {"model": "infra.partsnumber", "pk": 47, "fields": {"parts_name": 2, "number": "0703", "symbol": "Cr", "main_frame": true, "span_number": "1", "infra": 1, "article": 1, "unique_id": "2c225385-ab60-4dcc-a2c7-864792b9f757", "material": [3]}}, {"model": "infra.partsnumber", "pk": 48, "fields": {"parts_name": 2, "number": "0704", "symbol": "Cr", "main_frame": true, "span_number": "1", "infra": 1, "article": 1, "unique_id": "484cc289-936e-4755-9440-f0d705021abe", "material": [3]}}, {"model": "infra.partsnumber", "pk": 49, "fields": {"parts_name": 2, "number": "0801", "symbol": "Cr", "main_frame": true, "span_number": "1", "infra": 1, "article": 1, "unique_id": "b9cb762e-cadc-4976-93ae-87fb95fa5516", "material": [3]}}, {"model": "infra.partsnumber", "pk": 50, "fields": {"parts_name": 2, "number": "0802", "symbol": "Cr", "main_frame": true, "span_number": "1", "infra": 1, "article": 1, "unique_id": "b7198975-b835-461d-81fd-3f249e91742b", "material": [3]}}, {"model": "infra.partsnumber", "pk": 51, "fields": {"parts_name": 2, "number": "0803", "symbol": "Cr", "main_frame": true, "span_number": "1", "infra": 1, "article": 1, "unique_id": "24e8e9f1-5109-4e24-ae5d-095dca2e8d65", "material": [3]}}, {"model": "infra.partsnumber", "pk": 52, "fields": {"parts_name": 2, "number": "0804", "symbol": "Cr", "main_frame": true, "span_number": "1", "infra": 1, "article": 1, "unique_id": "eb4d2609-c2e2-41c8-a689-98e3fda4a406", "material": [3]}}, {"model": "infra.partsnumber", "pk": 53, "fields": {"parts_name": 4, "number": "0101", "symbol": "Bh", "main_frame": false, "span_number": "1", "infra": 1, "article": 1, "unique_id": "ba9c63ba-6ad5-4278-a9ea-596b30f19e81", "material": [4]}}, {"model": "infra.partsnumber", "pk": 54, "fields": {"parts_name": 4, "number": "0102", "symbol": "Bh", "main_frame": false, "span_number": "1", "infra": 1, "article": 1, "unique_id": "572dc9b2-b5f7-4365-9b3d-4cb8d5c61051", "material": [4]}}, {"model": "infra.bridgepicture", "pk": 562, "fields": {"image": "photos/P9070537_71cnemZ.JPG", "picture_number": 1, "damage_name": "剥離・鉄筋露出", "parts_split": "主桁 09", "damage_coordinate_x": "528508.2182060345", "damage_coordinate_y": "218366.5575399188", "memo": "主桁 09,剥離・鉄筋露出", "picture_coordinate_x": "529225.1221130126", "picture_coordinate_y": "218048.3941777406", "span_number": "1径間", "table": 11, "article": 1, "infra": 1}}, {"model": "infra.bridgepicture", "pk": 563, "fields": {"image": "photos/P9070404_ryAI6ZD.JPG", "picture_number": 2, "damage_name": "その他(分類6:異物混入)", "parts_split": "主桁 09", "damage_coordinate_x": "532240.3861927793", "damage_coordinate_y": "218366.5575399188", "memo": "主桁 09,その他(分類6:異物混入)", "picture_coordinate_x": "534192.8564975171", "picture_coordinate_y": "218396.3930096343", "span_number": "1径間", "table": 11, "article": 1, "infra": 1}}, {"model": "infra.bridgepicture", "pk": 564, "fields": {"image": "photos/P9070496_8fl0JQi.JPG", "picture_number": 3, "damage_name": "その他(分類6:施工不良)", "parts_split": "横桁 01", "damage_coordinate_x": "529717.5478308655", "damage_coordinate_y": "226255.0784977268", "memo": "横桁 01,その他(分類6:施工不良)", "picture_coordinate_x": "530492.2250104588", "picture_coordinate_y": "225969.2279711204", "span_number": "1径間", "table": 11, "article": 1, "infra": 1}}, {"model": "infra.bridgepicture", "pk": 565, "fields": {"image": "photos/P9070424_yEVZDwM.JPG", "picture_number": 4, "damage_name": "その他(分類6:施工不良)", "parts_split": "横桁 02", "damage_coordinate_x": "532578.7587482664", "damage_coordinate_y": "229268.8593029478", "memo": "横桁 02,その他(分類6:施工不良)", "picture_coordinate_x": "532985.6409545547", "picture_coordinate_y": "228954.2335446222", "span_number": "1径間", "table": 11, "article": 1, "infra": 1}}, {"model": "infra.bridgepicture", "pk": 566, "fields": {"image": "photos/P9070430_3tv3V2r.JPG", "picture_number": 5, "damage_name": "の他(分類6:施工不良)", "parts_split": "横桁 02", "damage_coordinate_x": "532578.7587482664", "damage_coordinate_y": "229268.8593029478", "memo": "横桁 02,の他(分類6:施工不良)", "picture_coordinate_x": "532985.6409545547", "picture_coordinate_y": "228954.2335446222", "span_number": "1径間", "table": 11, "article": 1, "infra": 1}}, {"model": "infra.bridgepicture", "pk": 567, "fields": {"image": "photos/P9070433_7CUxUHH.JPG", "picture_number": 6, "damage_name": "剥離・鉄筋露出", "parts_split": "横桁 03", "damage_coordinate_x": "543427.3505810621", "damage_coordinate_y": "229268.8593029478", "memo": "横桁 03,剥離・鉄筋露出 / 横桁 Cr03,変形・欠損 / 横桁 Cr03,変形・欠損", "picture_coordinate_x": "543666.8474364146", "picture_coordinate_y": "228932.0443462149", "span_number": "1径間", "table": 11, "article": 1, "infra": 1}}, {"model": "infra.bridgepicture", "pk": 568, "fields": {"image": "photos/P9070478_t6iYAII.JPG", "picture_number": 7, "damage_name": "剥離・鉄筋露出", "parts_split": "横桁 04", "damage_coordinate_x": "548316.6020528428", "damage_coordinate_y": "226251.4621194576", "memo": "横桁 04,剥離・鉄筋露出", "picture_coordinate_x": "549169.7165741528", "picture_coordinate_y": "225941.858472284", "span_number": "1径間", "table": 11, "article": 1, "infra": 1}}, {"model": "infra.bridgepicture", "pk": 569, "fields": {"image": "photos/P9070476_q4gGMjA.JPG", "picture_number": 8, "damage_name": "剥離・鉄筋露出", "parts_split": "横桁 04", "damage_coordinate_x": "547430.0305409065", "damage_coordinate_y": "224715.8752162406", "memo": "横桁 04,剥離・鉄筋露出", "picture_coordinate_x": "547714.7833405402", "picture_coordinate_y": "224403.0381771689", "span_number": "1径間", "table": 11, "article": 1, "infra": 1}}, {"model": "infra.bridgepicture", "pk": 570, "fields": {"image": "photos/P9070523_FxoeZFl.JPG", "picture_number": 9, "damage_name": "剥離・鉄筋露出", "parts_split": "横桁 01", "damage_coordinate_x": "529221.0193919685", "damage_coordinate_y": "223295.995449547", "memo": "横桁 01,剥離・鉄筋露出", "picture_coordinate_x": "529401.0143646629", "picture_coordinate_y": "222981.8261548198", "span_number": "1径間", "table": 11, "article": 1, "infra": 1}}, {"model": "infra.bridgepicture", "pk": 571, "fields": {"image": "photos/P9070450_3Ibl3Xk.JPG", "picture_number": 10, "damage_name": "剥離・鉄筋露出", "parts_split": "横桁 03", "damage_coordinate_x": "546181.340571892", "damage_coordinate_y": "222553.0807470059", "memo": "横桁 03,剥離・鉄筋露出", "picture_coordinate_x": "546769.9402349197", "picture_coordinate_y": "222164.8389810835", "span_number": "1径間", "table": 11, "article": 1, "infra": 1}}, {"model": "infra.bridgepicture", "pk": 572, "fields": {"image": "photos/P9070452_fd7Mexb.JPG", "picture_number": 11, "damage_name": "離・鉄筋露出", "parts_split": "横桁 03", "damage_coordinate_x": "546181.340571892", "damage_coordinate_y": "222553.0807470059", "memo": "横桁 03,離・鉄筋露出", "picture_coordinate_x": "546769.9402349197", "picture_coordinate_y": "222164.8389810835", "span_number": "1径間", "table": 11, "article": 1, "infra": 1}}, {"model": "infra.bridgepicture", "pk": 573, "fields": {"image": "photos/P9070525_iaFN2CD.JPG", "picture_number": 12, "damage_name": "剥離・鉄筋露出", "parts_split": "横桁 01", "damage_coordinate_x": "527566.5420863405", "damage_coordinate_y": "220430.3566962297", "memo": "横桁 01,剥離・鉄筋露出", "picture_coordinate_x": "527793.2963477422", "picture_coordinate_y": "220070.4196068052", "span_number": "1径間", "table": 11, "article": 1, "infra": 1}}, {"model": "infra.bridgepicture", "pk": 574, "fields": {"image": "photos/P9070396_8srVkeR.JPG", "picture_number": 13, "damage_name": "剥離・鉄筋露出", "parts_split": "横桁 02", "damage_coordinate_x": "538443.3187868086", "damage_coordinate_y": "218366.5575399188", "memo": "横桁 02,剥離・鉄筋露出", "picture_coordinate_x": "538761.6085522854", "picture_coordinate_y": "218087.1577589952", "span_number": "1径間", "table": 11, "article": 1, "infra": 1}}, {"model": "infra.bridgepicture", "pk": 575, "fields": {"image": "photos/P9070412_C1PDJZa.JPG", "picture_number": 14, "damage_name": "離・鉄筋露出", "parts_split": "横桁 02", "damage_coordinate_x": "538443.3187868086", "damage_coordinate_y": "218366.5575399188", "memo": "横桁 02,離・鉄筋露出", "picture_coordinate_x": "538761.6085522854", "picture_coordinate_y": "218087.1577589952", "span_number": "1径間", "table": 11, "article": 1, "infra": 1}}, {"model": "infra.bridgepicture", "pk": 576, "fields": {"image": "photos/P9070458_F32PfV4.JPG", "picture_number": 15, "damage_name": "剥離・鉄筋露出", "parts_split": "横桁 03", "damage_coordinate_x": "543207.0862507953", "damage_coordinate_y": "218366.5575399188", "memo": "横桁 03,剥離・鉄筋露出", "picture_coordinate_x": "545418.5774821687", "picture_coordinate_y": "218368.3759352968", "span_number": "1径間", "table": 11, "article": 1, "infra": 1}}, {"model": "infra.bridgepicture", "pk": 577, "fields": {"image": "photos/P9070497_QnyqOcE.JPG", "picture_number": 16, "damage_name": "剥離・鉄筋露出", "parts_split": "床版 00", "damage_coordinate_x": "531595.7611265536", "damage_coordinate_y": "227530.3566962298", "memo": "床版 00,剥離・鉄筋露出", "picture_coordinate_x": "531805.9667048807", "picture_coordinate_y": "227218.1705246582", "span_number": "1径間", "table": 11, "article": 1, "infra": 1}}, {"model": "infra.bridgepicture", "pk": 578, "fields": {"image": "photos/P9070465_y0q1Do8.JPG", "picture_number": 17, "damage_name": "剥離・鉄筋露出", "parts_split": "床版 00", "damage_coordinate_x": "544955.785269761", "damage_coordinate_y": "220430.3566962297", "memo": "床版 00,剥離・鉄筋露出", "picture_coordinate_x": "545192.2035962", "picture_coordinate_y": "220088.065259854", "span_number": "1径間", "table": 11, "article": 1, "infra": 1}}, {"model": "infra.bridgepicture", "pk": 579, "fields": {"image": "photos/P9070438_mTCa8Sz.JPG", "picture_number": 18, "damage_name": "漏水・滞水", "parts_split": "橋台[胸壁] 00", "damage_coordinate_x": "535305.6406762057", "damage_coordinate_y": "190342.4721676922", "memo": "橋台[胸壁] 00,漏水・滞水 / 橋台[竪壁] Ac00,漏水・滞水 / 伸縮装置 Ej00,漏水・滞水 / 橋台[竪壁] Ac00,漏水・滞水 / 伸縮装置 Ej00,漏水・滞水", "picture_coordinate_x": "537494.8440878117", "picture_coordinate_y": "190371.7813098583", "span_number": "1径間", "table": 11, "article": 1, "infra": 1}}, {"model": "infra.bridgepicture", "pk": 580, "fields": {"image": "photos/P9070443_ogbrrYv.JPG", "picture_number": 19, "damage_name": "漏水・滞水", "parts_split": "橋台[胸壁] 00", "damage_coordinate_x": "534633.1754138757", "damage_coordinate_y": "198400.9331532792", "memo": "橋台[胸壁] 00,漏水・滞水 / 橋台[竪壁] Ac00,漏水・滞水 / 伸縮装置 Ej00,漏水・滞水 / 橋台[竪壁] Ac00,漏水・滞水 / 伸縮装置 Ej00,漏水・滞水", "picture_coordinate_x": "537045.4396522791", "picture_coordinate_y": "198420.7293499758", "span_number": "1径間", "table": 11, "article": 1, "infra": 1}}, {"model": "infra.bridgepicture", "pk": 581, "fields": {"image": "photos/P9070535_cRe7iy4.JPG", "picture_number": 24, "damage_name": "うき", "parts_split": "地覆 00", "damage_coordinate_x": "529523.5331537114", "damage_coordinate_y": "216164.654853505", "memo": "地覆 00,うき", "picture_coordinate_x": "529841.2180579801", "picture_coordinate_y": "215806.1718362219", "span_number": "1径間", "table": 11, "article": 1, "infra": 1}}, {"model": "infra.bridgepicture", "pk": 582, "fields": {"image": "photos/P9070422_19AL48k.JPG", "picture_number": 31, "damage_name": "腐食(大大)", "parts_split": "排水管 00", "damage_coordinate_x": "538482.3557216563", "damage_coordinate_y": "229268.8593029478", "memo": "排水管 00,腐食(大大) / 排水管 Dp00,防食機能の劣化(分類1) / 排水管 Dp00,防食機能の劣化(分類1)", "picture_coordinate_x": "538810.3087944178", "picture_coordinate_y": "228910.3502713814", "span_number": "1径間", "table": 11, "article": 1, "infra": 1}}, {"model": "infra.bridgepicture", "pk": 583, "fields": {"image": "photos/P9070486_L8kWVsq.JPG", "picture_number": 32, "damage_name": "腐食(小大)", "parts_split": "排水管 00", "damage_coordinate_x": "547059.1990495767", "damage_coordinate_y": "229268.8593029478", "memo": "排水管 00,腐食(小大) / 排水管 Dp00,防食機能の劣化(分類1) / 排水管 Dp00,防食機能の劣化(分類1)", "picture_coordinate_x": "549204.9604817769", "picture_coordinate_y": "229256.3408485695", "span_number": "1径間", "table": 11, "article": 1, "infra": 1}}, {"model": "infra.bridgepicture", "pk": 584, "fields": {"image": "photos/P9070504_gerM3ie.JPG", "picture_number": 27, "damage_name": "腐食(小小)", "parts_split": "支承本体 00", "damage_coordinate_x": "589100.6408404222", "damage_coordinate_y": "223935.3885015437", "memo": "支承本体 00,腐食(小小) / 支承本体 Bh00,防食機能の劣化(分類1) / 支承本体 Bh00,変形・欠損 / 沓座モルタル Bm00,剥離・鉄筋露出 / 支承本体 Bh00,防食機能の劣化(分類1) / 支承本体 Bh00,変形・欠損 / 沓座モルタル Bm00,剥離・鉄筋露出", "picture_coordinate_x": "591543.5416080136", "picture_coordinate_y": "223659.8990548863", "span_number": "2径間", "table": 11, "article": 1, "infra": 1}}, {"model": "infra.bridgepicture", "pk": 585, "fields": {"image": "photos/P9070591_ZYk9sAO.JPG", "picture_number": 20, "damage_name": "剥離・鉄筋露出", "parts_split": "防護柵 00", "damage_coordinate_x": "586290.5351249668", "damage_coordinate_y": "228868.5013850681", "memo": "防護柵 00,剥離・鉄筋露出", "picture_coordinate_x": "586620.7952826327", "picture_coordinate_y": "228516.7615150949", "span_number": "2径間", "table": 11, "article": 1, "infra": 1}}, {"model": "infra.bridgepicture", "pk": 586, "fields": {"image": "photos/P9070587_adYMgGQ.JPG", "picture_number": 21, "damage_name": "剥離・鉄筋露出", "parts_split": "防護柵 00", "damage_coordinate_x": "588436.0254916901", "damage_coordinate_y": "227503.8976152274", "memo": "防護柵 00,剥離・鉄筋露出", "picture_coordinate_x": "589243.0579465146", "picture_coordinate_y": "227183.5999853493", "span_number": "2径間", "table": 11, "article": 1, "infra": 1}}, {"model": "infra.bridgepicture", "pk": 587, "fields": {"image": "photos/P9070620_eeBJA4k.JPG", "picture_number": 22, "damage_name": "剥離・鉄筋露出", "parts_split": "防護柵 00", "damage_coordinate_x": "580868.40803931", "damage_coordinate_y": "228868.5013850681", "memo": "防護柵 00,剥離・鉄筋露出", "picture_coordinate_x": "581356.9846939672", "picture_coordinate_y": "228553.6834979908", "span_number": "2径間", "table": 11, "article": 1, "infra": 1}}, {"model": "infra.bridgepicture", "pk": 588, "fields": {"image": "photos/P9070637_kYCEZ0H.JPG", "picture_number": 23, "damage_name": "剥離・鉄筋露出", "parts_split": "防護柵 00", "damage_coordinate_x": "570592.6628878897", "damage_coordinate_y": "217381.6059456724", "memo": "防護柵 00,剥離・鉄筋露出", "picture_coordinate_x": "570867.9756552395", "picture_coordinate_y": "217021.3087358776", "span_number": "2径間", "table": 11, "article": 1, "infra": 1}}, {"model": "infra.bridgepicture", "pk": 589, "fields": {"image": "photos/P9070616_vl9ZzU1.JPG", "picture_number": 25, "damage_name": "舗装の異常", "parts_split": "舗装 00", "damage_coordinate_x": "572250.0565505428", "damage_coordinate_y": "225164.7673630748", "memo": "舗装 00,舗装の異常 / 舗装 Pm00,舗装の異常 / 舗装 Pm00,舗装の異常", "picture_coordinate_x": "572498.4275586281", "picture_coordinate_y": "224839.1406174743", "span_number": "2径間", "table": 11, "article": 1, "infra": 1}}, {"model": "infra.bridgepicture", "pk": 590, "fields": {"image": "photos/P9070596_BV75zgg.JPG", "picture_number": 26, "damage_name": "土砂詰まり", "parts_split": "舗装 00", "damage_coordinate_x": "575402.4944797053", "damage_coordinate_y": "227503.8976152274", "memo": "舗装 00,土砂詰まり", "picture_coordinate_x": "575753.9706752877", "picture_coordinate_y": "227192.7034569031", "span_number": "2径間", "table": 11, "article": 1, "infra": 1}}, {"model": "infra.bridgepicture", "pk": 591, "fields": {"image": "photos/P9070646_YHNoMJe.JPG", "picture_number": 28, "damage_name": "舗装の異常", "parts_split": "舗装 00", "damage_coordinate_x": "582189.0897682084", "damage_coordinate_y": "217381.6059456724", "memo": "舗装 00,舗装の異常", "picture_coordinate_x": "584263.8022292338", "picture_coordinate_y": "217411.4174302613", "span_number": "2径間", "table": 11, "article": 1, "infra": 1}}, {"model": "infra.bridgepicture", "pk": 592, "fields": {"image": "photos/P9070259_yv32VtS.JPG", "picture_number": 27, "damage_name": "舗装の異常", "parts_split": "舗装 00", "damage_coordinate_x": "587153.7399810399", "damage_coordinate_y": "220531.0756502239", "memo": "舗装 00,舗装の異常", "picture_coordinate_x": "589176.0496139133", "picture_coordinate_y": "220550.7776329561", "span_number": "2径間", "table": 11, "article": 1, "infra": 1}}, {"model": "infra.bridgepicture", "pk": 593, "fields": {"image": "photos/P9070646_qlw6DSi.JPG", "picture_number": 29, "damage_name": "土砂詰まり", "parts_split": "舗装 00", "damage_coordinate_x": "570834.5220314489", "damage_coordinate_y": "220531.0756502239", "memo": "舗装 00,土砂詰まり", "picture_coordinate_x": "570941.6020477653", "picture_coordinate_y": "220167.6558934028", "span_number": "2径間", "table": 11, "article": 1, "infra": 1}}, {"model": "infra.bridgepicture", "pk": 594, "fields": {"image": "photos/P9070617_KdQMjpA.JPG", "picture_number": 30, "damage_name": "その他(分類6:埋没)", "parts_split": "排水ます 00", "damage_coordinate_x": "575294.2054744803", "damage_coordinate_y": "228868.5013850681", "memo": "排水ます 00,その他(分類6:埋没)", "picture_coordinate_x": "577317.3056221061", "picture_coordinate_y": "228837.0789344727", "span_number": "2径間", "table": 11, "article": 1, "infra": 1}}, {"model": "infra.bridgepicture", "pk": 595, "fields": {"image": "photos/P9070537_bslwT9x.JPG", "picture_number": 1, "damage_name": "剥離・鉄筋露出", "parts_split": "主桁 09", "damage_coordinate_x": "528508.2182060345", "damage_coordinate_y": "218366.5575399188", "memo": "主桁 09,剥離・鉄筋露出", "picture_coordinate_x": "529225.1221130126", "picture_coordinate_y": "218048.3941777406", "span_number": "1径間", "table": 11, "article": 1, "infra": 1}}, {"model": "infra.bridgepicture", "pk": 596, "fields": {"image": "photos/P9070404_P8UoF3k.JPG", "picture_number": 2, "damage_name": "その他(分類6:異物混入)", "parts_split": "主桁 09", "damage_coordinate_x": "532240.3861927793", "damage_coordinate_y": "218366.5575399188", "memo": "主桁 09,その他(分類6:異物混入)", "picture_coordinate_x": "534192.8564975171", "picture_coordinate_y": "218396.3930096343", "span_number": "1径間", "table": 11, "article": 1, "infra": 1}}, {"model": "infra.bridgepicture", "pk": 597, "fields": {"image": "photos/P9070496_w1WuXbm.JPG", "picture_number": 3, "damage_name": "その他(分類6:施工不良)", "parts_split": "横桁 01", "damage_coordinate_x": "529717.5478308655", "damage_coordinate_y": "226255.0784977268", "memo": "横桁 01,その他(分類6:施工不良)", "picture_coordinate_x": "530492.2250104588", "picture_coordinate_y": "225969.2279711204", "span_number": "1径間", "table": 11, "article": 1, "infra": 1}}, {"model": "infra.bridgepicture", "pk": 598, "fields": {"image": "photos/P9070424_sFmVmc9.JPG", "picture_number": 4, "damage_name": "その他(分類6:施工不良)", "parts_split": "横桁 02", "damage_coordinate_x": "532578.7587482664", "damage_coordinate_y": "229268.8593029478", "memo": "横桁 02,その他(分類6:施工不良)", "picture_coordinate_x": "532985.6409545547", "picture_coordinate_y": "228954.2335446222", "span_number": "1径間", "table": 11, "article": 1, "infra": 1}}, {"model": "infra.bridgepicture", "pk": 599, "fields": {"image": "photos/P9070430_tZUpoIx.JPG", "picture_number": 5, "damage_name": "の他(分類6:施工不良)", "parts_split": "横桁 02", "damage_coordinate_x": "532578.7587482664", "damage_coordinate_y": "229268.8593029478", "memo": "横桁 02,の他(分類6:施工不良)", "picture_coordinate_x": "532985.6409545547", "picture_coordinate_y": "228954.2335446222", "span_number": "1径間", "table": 11, "article": 1, "infra": 1}}, {"model": "infra.bridgepicture", "pk": 600, "fields": {"image": "photos/P9070433_EMjzThb.JPG", "picture_number": 6, "damage_name": "剥離・鉄筋露出", "parts_split": "横桁 03", "damage_coordinate_x": "543427.3505810621", "damage_coordinate_y": "229268.8593029478", "memo": "横桁 03,剥離・鉄筋露出 / 横桁 Cr03,形・欠損", "picture_coordinate_x": "543666.8474364146", "picture_coordinate_y": "228932.0443462149", "span_number": "1径間", "table": 11, "article": 1, "infra": 1}}, {"model": "infra.bridgepicture", "pk": 601, "fields": {"image": "photos/P9070478_ZZoVPNi.JPG", "picture_number": 7, "damage_name": "剥離・鉄筋露出", "parts_split": "横桁 04", "damage_coordinate_x": "548316.6020528428", "damage_coordinate_y": "226251.4621194576", "memo": "横桁 04,剥離・鉄筋露出", "picture_coordinate_x": "549169.7165741528", "picture_coordinate_y": "225941.858472284", "span_number": "1径間", "table": 11, "article": 1, "infra": 1}}, {"model": "infra.bridgepicture", "pk": 602, "fields": {"image": "photos/P9070476_dQhxef8.JPG", "picture_number": 8, "damage_name": "剥離・鉄筋露出", "parts_split": "横桁 04", "damage_coordinate_x": "547430.0305409065", "damage_coordinate_y": "224715.8752162406", "memo": "横桁 04,剥離・鉄筋露出", "picture_coordinate_x": "547714.7833405402", "picture_coordinate_y": "224403.0381771689", "span_number": "1径間", "table": 11, "article": 1, "infra": 1}}, {"model": "infra.bridgepicture", "pk": 603, "fields": {"image": "photos/P9070523_K6WJ6ty.JPG", "picture_number": 9, "damage_name": "剥離・鉄筋露出", "parts_split": "横桁 01", "damage_coordinate_x": "529221.0193919685", "damage_coordinate_y": "223295.995449547", "memo": "横桁 01,剥離・鉄筋露出", "picture_coordinate_x": "529401.0143646629", "picture_coordinate_y": "222981.8261548198", "span_number": "1径間", "table": 11, "article": 1, "infra": 1}}, {"model": "infra.bridgepicture", "pk": 604, "fields": {"image": "photos/P9070450_hWcfHKL.JPG", "picture_number": 10, "damage_name": "剥離・鉄筋露出", "parts_split": "横桁 03", "damage_coordinate_x": "546181.340571892", "damage_coordinate_y": "222553.0807470059", "memo": "横桁 03,剥離・鉄筋露出", "picture_coordinate_x": "546769.9402349197", "picture_coordinate_y": "222164.8389810835", "span_number": "1径間", "table": 11, "article": 1, "infra": 1}}, {"model": "infra.bridgepicture", "pk": 605, "fields": {"image": "photos/P9070452_Sjy73sw.JPG", "picture_number": 11, "damage_name": "離・鉄筋露出", "parts_split": "横桁 03", "damage_coordinate_x": "546181.340571892", "damage_coordinate_y": "222553.0807470059", "memo": "横桁 03,離・鉄筋露出", "picture_coordinate_x": "546769.9402349197", "picture_coordinate_y": "222164.8389810835", "span_number": "1径間", "table": 11, "article": 1, "infra": 1}}, {"model": "infra.bridgepicture", "pk": 606, "fields": {"image": "photos/P9070525_ZA2DalU.JPG", "picture_number": 12, "damage_name": "剥離・鉄筋露出", "parts_split": "横桁 01", "damage_coordinate_x": "527566.5420863405", "damage_coordinate_y": "220430.3566962297", "memo": "横桁 01,剥離・鉄筋露出", "picture_coordinate_x": "527793.2963477422", "picture_coordinate_y": "220070.4196068052", "span_number": "1径間", "table": 11, "article": 1, "infra": 1}}, {"model": "infra.bridgepicture", "pk": 607, "fields": {"image": "photos/P9070396_ElaIlFT.JPG", "picture_number": 13, "damage_name": "剥離・鉄筋露出", "parts_split": "横桁 02", "damage_coordinate_x": "538443.3187868086", "damage_coordinate_y": "218366.5575399188", "memo": "横桁 02,剥離・鉄筋露出", "picture_coordinate_x": "538761.6085522854", "picture_coordinate_y": "218087.1577589952", "span_number": "1径間", "table": 11, "article": 1, "infra": 1}}, {"model": "infra.bridgepicture", "pk": 608, "fields": {"image": "photos/P9070412_JPQHozl.JPG", "picture_number": 14, "damage_name": "離・鉄筋露出", "parts_split": "横桁 02", "damage_coordinate_x": "538443.3187868086", "damage_coordinate_y": "218366.5575399188", "memo": "横桁 02,離・鉄筋露出", "picture_coordinate_x": "538761.6085522854", "picture_coordinate_y": "218087.1577589952", "span_number": "1径間", "table": 11, "article": 1, "infra": 1}}, {"model": "infra.bridgepicture", "pk": 609, "fields": {"image": "photos/P9070458_vXfdYLU.JPG", "picture_number": 15, "damage_name": "剥離・鉄筋露出", "parts_split": "横桁 03", "damage_coordinate_x": "543207.0862507953", "damage_coordinate_y": "218366.5575399188", "memo": "横桁 03,剥離・鉄筋露出", "picture_coordinate_x": "545418.5774821687", "picture_coordinate_y": "218368.3759352968", "span_number": "1径間", "table": 11, "article": 1, "infra": 1}}, {"model": "infra.bridgepicture", "pk": 610, "fields": {"image": "photos/P9070497_qXpKnLZ.JPG", "picture_number": 16, "damage_name": "剥離・鉄筋露出", "parts_split": "床版 00", "damage_coordinate_x": "531595.7611265536", "damage_coordinate_y": "227530.3566962298", "memo": "床版 00,剥離・鉄筋露出", "picture_coordinate_x": "531805.9667048807", "picture_coordinate_y": "227218.1705246582", "span_number": "1径間", "table": 11, "article": 1, "infra": 1}}, {"model": "infra.bridgepicture", "pk": 611, "fields": {"image": "photos/P9070465_OGCIx1E.JPG", "picture_number": 17, "damage_name": "剥離・鉄筋露出", "parts_split": "床版 00", "damage_coordinate_x": "544955.785269761", "damage_coordinate_y": "220430.3566962297", "memo": "床版 00,剥離・鉄筋露出", "picture_coordinate_x": "545192.2035962", "picture_coordinate_y": "220088.065259854", "span_number": "1径間", "table": 11, "article": 1, "infra": 1}}, {"model": "infra.bridgepicture", "pk": 612, "fields": {"image": "photos/P9070438_xZ8WPH9.JPG", "picture_number": 18, "damage_name": "漏水・滞水", "parts_split": "橋台[胸壁] 00", "damage_coordinate_x": "535305.6406762057", "damage_coordinate_y": "190342.4721676922", "memo": "橋台[胸壁] 00,漏水・滞水 / 橋台[竪壁] Ac00,水・滞水 / 伸縮装置 Ej00,水・滞水", "picture_coordinate_x": "537494.8440878117", "picture_coordinate_y": "190371.7813098583", "span_number": "1径間", "table": 11, "article": 1, "infra": 1}}, {"model": "infra.bridgepicture", "pk": 613, "fields": {"image": "photos/P9070443_qDlJGAW.JPG", "picture_number": 19, "damage_name": "漏水・滞水", "parts_split": "橋台[胸壁] 00", "damage_coordinate_x": "534633.1754138757", "damage_coordinate_y": "198400.9331532792", "memo": "橋台[胸壁] 00,漏水・滞水 / 橋台[竪壁] Ac00,水・滞水 / 伸縮装置 Ej00,水・滞水", "picture_coordinate_x": "537045.4396522791", "picture_coordinate_y": "198420.7293499758", "span_number": "1径間", "table": 11, "article": 1, "infra": 1}}, {"model": "infra.bridgepicture", "pk": 614, "fields": {"image": "photos/P9070535_ItKXTHt.JPG", "picture_number": 24, "damage_name": "うき", "parts_split": "地覆 00", "damage_coordinate_x": "529523.5331537114", "damage_coordinate_y": "216164.654853505", "memo": "地覆 00,うき", "picture_coordinate_x": "529841.2180579801", "picture_coordinate_y": "215806.1718362219", "span_number": "1径間", "table": 11, "article": 1, "infra": 1}}, {"model": "infra.bridgepicture", "pk": 615, "fields": {"image": "photos/P9070422_49bwDel.JPG", "picture_number": 31, "damage_name": "腐食(大大)", "parts_split": "排水管 00", "damage_coordinate_x": "538482.3557216563", "damage_coordinate_y": "229268.8593029478", "memo": "排水管 00,腐食(大大) / 排水管 Dp00,食機能の劣化(分類1)", "picture_coordinate_x": "538810.3087944178", "picture_coordinate_y": "228910.3502713814", "span_number": "1径間", "table": 11, "article": 1, "infra": 1}}, {"model": "infra.bridgepicture", "pk": 616, "fields": {"image": "photos/P9070486_riUblYy.JPG", "picture_number": 32, "damage_name": "腐食(小大)", "parts_split": "排水管 00", "damage_coordinate_x": "547059.1990495767", "damage_coordinate_y": "229268.8593029478", "memo": "排水管 00,腐食(小大) / 排水管 Dp00,食機能の劣化(分類1)", "picture_coordinate_x": "549204.9604817769", "picture_coordinate_y": "229256.3408485695", "span_number": "1径間", "table": 11, "article": 1, "infra": 1}}, {"model": "infra.bridgepicture", "pk": 617, "fields": {"image": "photos/P9070504_XDGjHjk.JPG", "picture_number": 27, "damage_name": "腐食(小小)", "parts_split": "支承本体 00", "damage_coordinate_x": "589100.6408404222", "damage_coordinate_y": "223935.3885015437", "memo": "支承本体 00,腐食(小小) / 支承本体 Bh00,食機能の劣化(分類1) / 支承本体 Bh00,形・欠損 / 沓座モルタル Bm00,離・鉄筋露出", "picture_coordinate_x": "591543.5416080136", "picture_coordinate_y": "223659.8990548863", "span_number": "2径間", "table": 11, "article": 1, "infra": 1}}, {"model": "infra.bridgepicture", "pk": 618, "fields": {"image": "photos/P9070591_fMiW0C5.JPG", "picture_number": 20, "damage_name": "剥離・鉄筋露出", "parts_split": "防護柵 00", "damage_coordinate_x": "586290.5351249668", "damage_coordinate_y": "228868.5013850681", "memo": "防護柵 00,剥離・鉄筋露出", "picture_coordinate_x": "586620.7952826327", "picture_coordinate_y": "228516.7615150949", "span_number": "2径間", "table": 11, "article": 1, "infra": 1}}, {"model": "infra.bridgepicture", "pk": 619, "fields": {"image": "photos/P9070587_duZQRl6.JPG", "picture_number": 21, "damage_name": "剥離・鉄筋露出", "parts_split": "防護柵 00", "damage_coordinate_x": "588436.0254916901", "damage_coordinate_y": "227503.8976152274", "memo": "防護柵 00,剥離・鉄筋露出", "picture_coordinate_x": "589243.0579465146", "picture_coordinate_y": "227183.5999853493", "span_number": "2径間", "table": 11, "article": 1, "infra": 1}}, {"model": "infra.bridgepicture", "pk": 620, "fields": {"image": "photos/P9070620_iOIMWu2.JPG", "picture_number": 22, "damage_name": "剥離・鉄筋露出", "parts_split": "防護柵 00", "damage_coordinate_x": "580868.40803931", "damage_coordinate_y": "228868.5013850681", "memo": "防護柵 00,剥離・鉄筋露出", "picture_coordinate_x": "581356.9846939672", "picture_coordinate_y": "228553.6834979908", "span_number": "2径間", "table": 11, "article": 1, "infra": 1}}, {"model": "infra.bridgepicture", "pk": 621, "fields": {"image": "photos/P9070637_HQHusIk.JPG", "picture_number": 23, "damage_name": "剥離・鉄筋露出", "parts_split": "防護柵 00", "damage_coordinate_x": "570592.6628878897", "damage_coordinate_y": "217381.6059456724", "memo": "防護柵 00,剥離・鉄筋露出", "picture_coordinate_x": "570867.9756552395", "picture_coordinate_y": "217021.3087358776", "span_number": "2径間", "table": 11, "article": 1, "infra": 1}}, {"model": "infra.bridgepicture", "pk": 622, "fields": {"image": "photos/P9070616_BHVsOlN.JPG", "picture_number": 25, "damage_name": "舗装の異常", "parts_split": "舗装 00", "damage_coordinate_x": "572250.0565505428", "damage_coordinate_y": "225164.7673630748", "memo": "舗装 00,舗装の異常 / 舗装 Pm00,装の異常", "picture_coordinate_x": "572498.4275586281", "picture_coordinate_y": "224839.1406174743", "span_number": "2径間", "table": 11, "article": 1, "infra": 1}}, {"model": "infra.bridgepicture", "pk": 623, "fields": {"image": "photos/P9070596_36QgKjn.JPG", "picture_number": 26, "damage_name": "土砂詰まり", "parts_split": "舗装 00", "damage_coordinate_x": "575402.4944797053", "damage_coordinate_y": "227503.8976152274", "memo": "舗装 00,土砂詰まり", "picture_coordinate_x": "575753.9706752877", "picture_coordinate_y": "227192.7034569031", "span_number": "2径間", "table": 11, "article": 1, "infra": 1}}, {"model": "infra.bridgepicture", "pk": 624, "fields": {"image": "photos/P9070646_h6UI7LP.JPG", "picture_number": 28, "damage_name": "舗装の異常", "parts_split": "舗装 00", "damage_coordinate_x": "582189.0897682084", "damage_coordinate_y": "217381.6059456724", "memo": "舗装 00,舗装の異常", "picture_coordinate_x": "584263.8022292338", "picture_coordinate_y": "217411.4174302613", "span_number": "2径間", "table": 11, "article": 1, "infra": 1}}, {"model": "infra.bridgepicture", "pk": 625, "fields": {"image": "photos/P9070259_geTUUzM.JPG", "picture_number": 27, "damage_name": "舗装の異常", "parts_split": "舗装 00", "damage_coordinate_x": "587153.7399810399", "damage_coordinate_y": "220531.0756502239", "memo": "舗装 00,舗装の異常", "picture_coordinate_x": "589176.0496139133", "picture_coordinate_y": "220550.7776329561", "span_number": "2径間", "table": 11, "article": 1, "infra": 1}}, {"model": "infra.bridgepicture", "pk": 626, "fields": {"image": "photos/P9070646_OdyNfwM.JPG", "picture_number": 29, "damage_name": "土砂詰まり", "parts_split": "舗装 00", "damage_coordinate_x": "570834.5220314489", "damage_coordinate_y": "220531.0756502239", "memo": "舗装 00,土砂詰まり", "picture_coordinate_x": "570941.6020477653", "picture_coordinate_y": "220167.6558934028", "span_number": "2径間", "table": 11, "article": 1, "infra": 1}}, {"model": "infra.bridgepicture", "pk": 627, "fields": {"image": "photos/P9070617_ezXJDzG.JPG", "picture_number": 30, "damage_name": "その他(分類6:埋没)", "parts_split": "排水ます 00", "damage_coordinate_x": "575294.2054744803", "damage_coordinate_y": "228868.5013850681", "memo": "排水ます 00,その他(分類6:埋没)", "picture_coordinate_x": "577317.3056221061", "picture_coordinate_y": "228837.0789344727", "span_number": "2径間", "table": 11, "article": 1, "infra": 1}}, {"model": "infra.fullreportdata", "pk": 10057, "fields": {"parts_name": "主桁 Mg0101", "damage_name": "⑦剥離・鉄筋露出-d", "parts_split": "主桁 Mg01", "four_numbers": "0101", "join": "主桁 Mg0101 : ⑦剥離・鉄筋露出-d, 主桁 Mg0102 : ⑦剥離・鉄筋露出-d, 主桁 Mg0103 : ⑦剥離・鉄筋露出-d, 主桁 Mg0104 : ⑦剥離・鉄筋露出-d, 主桁 Mg0201 : ⑦剥離・鉄筋露出-d, 主桁 Mg0202 : ⑦剥離・鉄筋露出-d, 主桁 Mg0203 : ⑦剥離・鉄筋露出-d, 主桁 Mg0204 : ⑦剥離・鉄筋露出-d, 主桁 Mg0302 : ⑦剥離・鉄筋露出-d, 主桁 Mg0304 : ⑦剥離・鉄筋露出-d, 主桁 Mg0401 : ⑦剥離・鉄筋露出-d, 主桁 Mg0402 : ⑦剥離・鉄筋露出-d, 主桁 Mg0403 : ⑦剥離・鉄筋露出-d", "picture_number": "", "this_time_picture": null, "last_time_picture": null, "textarea_content": "主桁に鉄筋露出が見られる。 \n【関連損傷】\n主桁 Mg0302,主桁 Mg0304,主桁 Mg0401～0403:⑦剥離・鉄筋露出-d", "damage_coordinate_x": "525003.839727268", "damage_coordinate_y": "213095.7270112425", "picture_coordinate_x": null, "picture_coordinate_y": null, "span_number": "1径間", "special_links": "主桁 Mg01/⑦剥離・鉄筋露出-d/1径間", "measurement": null, "damage_size": null, "classification": null, "pattern": null, "infra": 1, "article": 1, "table": 11}}, {"model": "infra.fullreportdata", "pk": 10058, "fields": {"parts_name": "主桁 Mg0102", "damage_name": "⑦剥離・鉄筋露出-d", "parts_split": "主桁 Mg01", "four_numbers": "0102", "join": "主桁 Mg0101 : ⑦剥離・鉄筋露出-d, 主桁 Mg0102 : ⑦剥離・鉄筋露出-d, 主桁 Mg0103 : ⑦剥離・鉄筋露出-d, 主桁 Mg0104 : ⑦剥離・鉄筋露出-d, 主桁 Mg0201 : ⑦剥離・鉄筋露出-d, 主桁 Mg0202 : ⑦剥離・鉄筋露出-d, 主桁 Mg0203 : ⑦剥離・鉄筋露出-d, 主桁 Mg0204 : ⑦剥離・鉄筋露出-d, 主桁 Mg0302 : ⑦剥離・鉄筋露出-d, 主桁 Mg0304 : ⑦剥離・鉄筋露出-d, 主桁 Mg0401 : ⑦剥離・鉄筋露出-d, 主桁 Mg0402 : ⑦剥離・鉄筋露出-d, 主桁 Mg0403 : ⑦剥離・鉄筋露出-d", "picture_number": "", "this_time_picture": null, "last_time_picture": null, "textarea_content": "主桁に鉄筋露出が見られる。 \n【関連損傷】\n主桁 Mg0302,主桁 Mg0304,主桁 Mg0401～0403:⑦剥離・鉄筋露出-d", "damage_coordinate_x": "525003.839727268", "damage_coordinate_y": "213095.7270112425", "picture_coordinate_x": null, "picture_coordinate_y": null, "span_number": "1径間", "special_links": "主桁 Mg01/⑦剥離・鉄筋露出-d/1径間", "measurement": null, "damage_size": null, "classification": null, "pattern": null, "infra": 1, "article": 1, "table": 11}}, {"model": "infra.fullreportdata", "pk": 10059, "fields": {"parts_name": "主桁 Mg0103", "damage_name": "⑦剥離・鉄筋露出-d", "parts_split": "主桁 Mg01", "four_numbers": "0103", "join": "主桁 Mg0101 : ⑦剥離・鉄筋露出-d, 主桁 Mg0102 : ⑦剥離・鉄筋露出-d, 主桁 Mg0103 : ⑦剥離・鉄筋露出-d, 主桁 Mg0104 : ⑦剥離・鉄筋露出-d, 主桁 Mg0201 : ⑦剥離・鉄筋露出-d, 主桁 Mg0202 : ⑦剥離・鉄筋露出-d, 主桁 Mg0203 : ⑦剥離・鉄筋露出-d, 主桁 Mg0204 : ⑦剥離・鉄筋露出-d, 主桁 Mg0302 : ⑦剥離・鉄筋露出-d, 主桁 Mg0304 : ⑦剥離・鉄筋露出-d, 主桁 Mg0401 : ⑦剥離・鉄筋露出-d, 主桁 Mg0402 : ⑦剥離・鉄筋露出-d, 主桁 Mg0403 : ⑦剥離・鉄筋露出-d", "picture_number": "", "this_time_picture": null, "last_time_picture": null, "textarea_content": "主桁に鉄筋露出が見られる。 \n【関連損傷】\n主桁 Mg0302,主桁 Mg0304,主桁 Mg0401～0403:⑦剥離・鉄筋露出-d", "damage_coordinate_x": "525003.839727268", "damage_coordinate_y": "213095.7270112425", "picture_coordinate_x": null, "picture_coordinate_y": null, "span_number": "1径間", "special_links": "主桁 Mg01/⑦剥離・鉄筋露出-d/1径間", "measurement": null, "damage_size": null, "classification": null, "pattern": null, "infra": 1, "article": 1, "table": 11}}, {"model": "infra.fullreportdata", "pk": 10060, "fields": {"parts_name": "主桁 Mg0104", "damage_name": "⑦剥離・鉄筋露出-d", "parts_split": "主桁 Mg01", "four_numbers": "0104", "join": "主桁 Mg0101 : ⑦剥離・鉄筋露出-d, 主桁 Mg0102 : ⑦剥離・鉄筋露出-d, 主桁 Mg0103 : ⑦剥離・鉄筋露出-d, 主桁 Mg0104 : ⑦剥離・鉄筋露出-d, 主桁 Mg0201 : ⑦剥離・鉄筋露出-d, 主桁 Mg0202 : ⑦剥離・鉄筋露出-d, 主桁 Mg0203 : ⑦剥離・鉄筋露出-d, 主桁 Mg0204 : ⑦剥離・鉄筋露出-d, 主桁 Mg0302 : ⑦剥離・鉄筋露出-d, 主桁 Mg0304 : ⑦剥離・鉄筋露出-d, 主桁 Mg0401 : ⑦剥離・鉄筋露出-d, 主桁 Mg0402 : ⑦剥離・鉄筋露出-d, 主桁 Mg0403 : ⑦剥離・鉄筋露出-d", "picture_number": "", "this_time_picture": null, "last_time_picture": null, "textarea_content": "主桁に鉄筋露出が見られる。 \n【関連損傷】\n主桁 Mg0302,主桁 Mg0304,主桁 Mg0401～0403:⑦剥離・鉄筋露出-d", "damage_coordinate_x": "525003.839727268", "damage_coordinate_y": "213095.7270112425", "picture_coordinate_x": null, "picture_coordinate_y": null, "span_number": "1径間", "special_links": "主桁 Mg01/⑦剥離・鉄筋露出-d/1径間", "measurement": null, "damage_size": null, "classification": null, "pattern": null, "infra": 1, "article": 1, "table": 11}}, {"model": "infra.fullreportdata", "pk": 10061, "fields": {"parts_name": "主桁 Mg0201", "damage_name": "⑦剥離・鉄筋露出-d", "parts_split": "主桁 Mg02", "four_numbers": "0201", "join": "主桁 Mg0101 : ⑦剥離・鉄筋露出-d, 主桁 Mg0102 : ⑦剥離・鉄筋露出-d, 主桁 Mg0103 : ⑦剥離・鉄筋露出-d, 主桁 Mg0104 : ⑦剥離・鉄筋露出-d, 主桁 Mg0201 : ⑦剥離・鉄筋露出-d, 主桁 Mg0202 : ⑦剥離・鉄筋露出-d, 主桁 Mg0203 : ⑦剥離・鉄筋露出-d, 主桁 Mg0204 : ⑦剥離・鉄筋露出-d, 主桁 Mg0302 : ⑦剥離・鉄筋露出-d, 主桁 Mg0304 : ⑦剥離・鉄筋露出-d, 主桁 Mg0401 : ⑦剥離・鉄筋露出-d, 主桁 Mg0402 : ⑦剥離・鉄筋露出-d, 主桁 Mg0403 : ⑦剥離・鉄筋露出-d", "picture_number": "", "this_time_picture": null, "last_time_picture": null, "textarea_content": "主桁に鉄筋露出が見られる。 \n【関連損傷】\n主桁 Mg0302,主桁 Mg0304,主桁 Mg0401～0403:⑦剥離・鉄筋露出-d", "damage_coordinate_x": "525003.839727268", "damage_coordinate_y": "213095.7270112425", "picture_coordinate_x": null, "picture_coordinate_y": null, "span_number": "1径間", "special_links": "主桁 Mg02/⑦剥離・鉄筋露出-d/1径間", "measurement": null, "damage_size": null, "classification": null, "pattern": null, "infra": 1, "article": 1, "table": 11}}, {"model": "infra.fullreportdata", "pk": 10062, "fields": {"parts_name": "主桁 Mg0202", "damage_name": "⑦剥離・鉄筋露出-d", "parts_split": "主桁 Mg02", "four_numbers": "0202", "join": "主桁 Mg0101 : ⑦剥離・鉄筋露出-d, 主桁 Mg0102 : ⑦剥離・鉄筋露出-d, 主桁 Mg0103 : ⑦剥離・鉄筋露出-d, 主桁 Mg0104 : ⑦剥離・鉄筋露出-d, 主桁 Mg0201 : ⑦剥離・鉄筋露出-d, 主桁 Mg0202 : ⑦剥離・鉄筋露出-d, 主桁 Mg0203 : ⑦剥離・鉄筋露出-d, 主桁 Mg0204 : ⑦剥離・鉄筋露出-d, 主桁 Mg0302 : ⑦剥離・鉄筋露出-d, 主桁 Mg0304 : ⑦剥離・鉄筋露出-d, 主桁 Mg0401 : ⑦剥離・鉄筋露出-d, 主桁 Mg0402 : ⑦剥離・鉄筋露出-d, 主桁 Mg0403 : ⑦剥離・鉄筋露出-d", "picture_number": "", "this_time_picture": null, "last_time_picture": null, "textarea_content": "主桁に鉄筋露出が見られる。 \n【関連損傷】\n主桁 Mg0302,主桁 Mg0304,主桁 Mg0401～0403:⑦剥離・鉄筋露出-d", "damage_coordinate_x": "525003.839727268", "damage_coordinate_y": "213095.7270112425", "picture_coordinate_x": null, "picture_coordinate_y": null, "span_number": "1径間", "special_links": "主桁 Mg02/⑦剥離・鉄筋露出-d/1径間", "measurement": null, "damage_size": null, "classification": null, "pattern": null, "infra": 1, "article": 1, "table": 11}}, {"model": "infra.fullreportdata", "pk": 10063, "fields": {"parts_name": "主桁 Mg0203", "damage_name": "⑦剥離・鉄筋露出-d", "parts_split": "主桁 Mg02", "four_numbers": "0203", "join": "主桁 Mg0101 : ⑦剥離・鉄筋露出-d, 主桁 Mg0102 : ⑦剥離・鉄筋露出-d, 主桁 Mg0103 : ⑦剥離・鉄筋露出-d, 主桁 Mg0104 : ⑦剥離・鉄筋露出-d, 主桁 Mg0201 : ⑦剥離・鉄筋露出-d, 主桁 Mg0202 : ⑦剥離・鉄筋露出-d, 主桁 Mg0203 : ⑦剥離・鉄筋露出-d, 主桁 Mg0204 : ⑦剥離・鉄筋露出-d, 主桁 Mg0302 : ⑦剥離・鉄筋露出-d, 主桁 Mg0304 : ⑦剥離・鉄筋露出-d, 主桁 Mg0401 : ⑦剥離・鉄筋露出-d, 主桁 Mg0402 : ⑦剥離・鉄筋露出-d, 主桁 Mg0403 : ⑦剥離・鉄筋露出-d", "picture_number": "", "this_time_picture": null, "last_time_picture": null, "textarea_content": "主桁に鉄筋露出が見られる。 \n【関連損傷】\n主桁 Mg0302,主桁 Mg0304,主桁 Mg0401～0403:⑦剥離・鉄筋露出-d", "damage_coordinate_x": "525003.839727268", "damage_coordinate_y": "213095.7270112425", "picture_coordinate_x": null, "picture_coordinate_y": null, "span_number": "1径間", "special_links": "主桁 Mg02/⑦剥離・鉄筋露出-d/1径間", "measurement": null, "damage_size": null, "classification": null, "pattern": null, "infra": 1, "article": 1, "table": 11}}, {"model": "infra.fullreportdata", "pk": 10064, "fields": {"parts_name": "主桁 Mg0204", "damage_name": "⑦剥離・鉄筋露出-d", "parts_split": "主桁 Mg02", "four_numbers": "0204", "join": "主桁 Mg0101 : ⑦剥離・鉄筋露出-d, 主桁 Mg0102 : ⑦剥離・鉄筋露出-d, 主桁 Mg0103 : ⑦剥離・鉄筋露出-d, 主桁 Mg0104 : ⑦剥離・鉄筋露出-d, 主桁 Mg0201 : ⑦剥離・鉄筋露出-d, 主桁 Mg0202 : ⑦剥離・鉄筋露出-d, 主桁 Mg0203 : ⑦剥離・鉄筋露出-d, 主桁 Mg0204 : ⑦剥離・鉄筋露出-d, 主桁 Mg0302 : ⑦剥離・鉄筋露出-d, 主桁 Mg0304 : ⑦剥離・鉄筋露出-d, 主桁 Mg0401 : ⑦剥離・鉄筋露出-d, 主桁 Mg0402 : ⑦剥離・鉄筋露出-d, 主桁 Mg0403 : ⑦剥離・鉄筋露出-d", "picture_number": "", "this_time_picture": null, "last_time_picture": null, "textarea_content": "主桁に鉄筋露出が見られる。 \n【関連損傷】\n主桁 Mg0302,主桁 Mg0304,主桁 Mg0401～0403:⑦剥離・鉄筋露出-d", "damage_coordinate_x": "525003.839727268", "damage_coordinate_y": "213095.7270112425", "picture_coordinate_x": null, "picture_coordinate_y": null, "span_number": "1径間", "special_links": "主桁 Mg02/⑦剥離・鉄筋露出-d/1径間", "measurement": null, "damage_size": null, "classification": null, "pattern": null, "infra": 1, "article": 1, "table": 11}}, {"model": "infra.fullreportdata", "pk": 10065, "fields": {"parts_name": "主桁 Mg0302", "damage_name": "⑦剥離・鉄筋露出-d", "parts_split": "主桁 Mg03", "four_numbers": "0302", "join": "主桁 Mg0101 : ⑦剥離・鉄筋露出-d, 主桁 Mg0102 : ⑦剥離・鉄筋露出-d, 主桁 Mg0103 : ⑦剥離・鉄筋露出-d, 主桁 Mg0104 : ⑦剥離・鉄筋露出-d, 主桁 Mg0201 : ⑦剥離・鉄筋露出-d, 主桁 Mg0202 : ⑦剥離・鉄筋露出-d, 主桁 Mg0203 : ⑦剥離・鉄筋露出-d, 主桁 Mg0204 : ⑦剥離・鉄筋露出-d, 主桁 Mg0302 : ⑦剥離・鉄筋露出-d, 主桁 Mg0304 : ⑦剥離・鉄筋露出-d, 主桁 Mg0401 : ⑦剥離・鉄筋露出-d, 主桁 Mg0402 : ⑦剥離・鉄筋露出-d, 主桁 Mg0403 : ⑦剥離・鉄筋露出-d", "picture_number": "", "this_time_picture": null, "last_time_picture": null, "textarea_content": "主桁に鉄筋露出が見られる。 \n【関連損傷】\n主桁 Mg0302,主桁 Mg0304,主桁 Mg0401～0403:⑦剥離・鉄筋露出-d", "damage_coordinate_x": "525003.839727268", "damage_coordinate_y": "213095.7270112425", "picture_coordinate_x": null, "picture_coordinate_y": null, "span_number": "1径間", "special_links": "主桁 Mg03/⑦剥離・鉄筋露出-d/1径間", "measurement": null, "damage_size": null, "classification": null, "pattern": null, "infra": 1, "article": 1, "table": 11}}, {"model": "infra.fullreportdata", "pk": 10066, "fields": {"parts_name": "主桁 Mg0304", "damage_name": "⑦剥離・鉄筋露出-d", "parts_split": "主桁 Mg03", "four_numbers": "0304", "join": "主桁 Mg0101 : ⑦剥離・鉄筋露出-d, 主桁 Mg0102 : ⑦剥離・鉄筋露出-d, 主桁 Mg0103 : ⑦剥離・鉄筋露出-d, 主桁 Mg0104 : ⑦剥離・鉄筋露出-d, 主桁 Mg0201 : ⑦剥離・鉄筋露出-d, 主桁 Mg0202 : ⑦剥離・鉄筋露出-d, 主桁 Mg0203 : ⑦剥離・鉄筋露出-d, 主桁 Mg0204 : ⑦剥離・鉄筋露出-d, 主桁 Mg0302 : ⑦剥離・鉄筋露出-d, 主桁 Mg0304 : ⑦剥離・鉄筋露出-d, 主桁 Mg0401 : ⑦剥離・鉄筋露出-d, 主桁 Mg0402 : ⑦剥離・鉄筋露出-d, 主桁 Mg0403 : ⑦剥離・鉄筋露出-d", "picture_number": "", "this_time_picture": null, "last_time_picture": null, "textarea_content": "主桁に鉄筋露出が見られる。 \n【関連損傷】\n主桁 Mg0302,主桁 Mg0304,主桁 Mg0401～0403:⑦剥離・鉄筋露出-d", "damage_coordinate_x": "525003.839727268", "damage_coordinate_y": "213095.7270112425", "picture_coordinate_x": null, "picture_coordinate_y": null, "span_number": "1径間", "special_links": "主桁 Mg03/⑦剥離・鉄筋露出-d/1径間", "measurement": null, "damage_size": null, "classification": null, "pattern": null, "infra": 1, "article": 1, "table": 11}}, {"model": "infra.fullreportdata", "pk": 10067, "fields": {"parts_name": "主桁 Mg0401", "damage_name": "⑦剥離・鉄筋露出-d", "parts_split": "主桁 Mg04", "four_numbers": "0401", "join": "主桁 Mg0101 : ⑦剥離・鉄筋露出-d, 主桁 Mg0102 : ⑦剥離・鉄筋露出-d, 主桁 Mg0103 : ⑦剥離・鉄筋露出-d, 主桁 Mg0104 : ⑦剥離・鉄筋露出-d, 主桁 Mg0201 : ⑦剥離・鉄筋露出-d, 主桁 Mg0202 : ⑦剥離・鉄筋露出-d, 主桁 Mg0203 : ⑦剥離・鉄筋露出-d, 主桁 Mg0204 : ⑦剥離・鉄筋露出-d, 主桁 Mg0302 : ⑦剥離・鉄筋露出-d, 主桁 Mg0304 : ⑦剥離・鉄筋露出-d, 主桁 Mg0401 : ⑦剥離・鉄筋露出-d, 主桁 Mg0402 : ⑦剥離・鉄筋露出-d, 主桁 Mg0403 : ⑦剥離・鉄筋露出-d", "picture_number": "", "this_time_picture": null, "last_time_picture": null, "textarea_content": "主桁に鉄筋露出が見られる。 \n【関連損傷】\n主桁 Mg0302,主桁 Mg0304,主桁 Mg0401～0403:⑦剥離・鉄筋露出-d", "damage_coordinate_x": "525003.839727268", "damage_coordinate_y": "213095.7270112425", "picture_coordinate_x": null, "picture_coordinate_y": null, "span_number": "1径間", "special_links": "主桁 Mg04/⑦剥離・鉄筋露出-d/1径間", "measurement": null, "damage_size": null, "classification": null, "pattern": null, "infra": 1, "article": 1, "table": 11}}, {"model": "infra.fullreportdata", "pk": 10068, "fields": {"parts_name": "主桁 Mg0402", "damage_name": "⑦剥離・鉄筋露出-d", "parts_split": "主桁 Mg04", "four_numbers": "0402", "join": "主桁 Mg0101 : ⑦剥離・鉄筋露出-d, 主桁 Mg0102 : ⑦剥離・鉄筋露出-d, 主桁 Mg0103 : ⑦剥離・鉄筋露出-d, 主桁 Mg0104 : ⑦剥離・鉄筋露出-d, 主桁 Mg0201 : ⑦剥離・鉄筋露出-d, 主桁 Mg0202 : ⑦剥離・鉄筋露出-d, 主桁 Mg0203 : ⑦剥離・鉄筋露出-d, 主桁 Mg0204 : ⑦剥離・鉄筋露出-d, 主桁 Mg0302 : ⑦剥離・鉄筋露出-d, 主桁 Mg0304 : ⑦剥離・鉄筋露出-d, 主桁 Mg0401 : ⑦剥離・鉄筋露出-d, 主桁 Mg0402 : ⑦剥離・鉄筋露出-d, 主桁 Mg0403 : ⑦剥離・鉄筋露出-d", "picture_number": "", "this_time_picture": null, "last_time_picture": null, "textarea_content": "主桁に鉄筋露出が見られる。 \n【関連損傷】\n主桁 Mg0302,主桁 Mg0304,主桁 Mg0401～0403:⑦剥離・鉄筋露出-d", "damage_coordinate_x": "525003.839727268", "damage_coordinate_y": "213095.7270112425", "picture_coordinate_x": null, "picture_coordinate_y": null, "span_number": "1径間", "special_links": "主桁 Mg04/⑦剥離・鉄筋露出-d/1径間", "measurement": null, "damage_size": null, "classification": null, "pattern": null, "infra": 1, "article": 1, "table": 11}}, {"model": "infra.fullreportdata", "pk": 10069, "fields": {"parts_name": "主桁 Mg0403", "damage_name": "⑦剥離・鉄筋露出-d", "parts_split": "主桁 Mg04", "four_numbers": "0403", "join": "主桁 Mg0101 : ⑦剥離・鉄筋露出-d, 主桁 Mg0102 : ⑦剥離・鉄筋露出-d, 主桁 Mg0103 : ⑦剥離・鉄筋露出-d, 主桁 Mg0104 : ⑦剥離・鉄筋露出-d, 主桁 Mg0201 : ⑦剥離・鉄筋露出-d, 主桁 Mg0202 : ⑦剥離・鉄筋露出-d, 主桁 Mg0203 : ⑦剥離・鉄筋露出-d, 主桁 Mg0204 : ⑦剥離・鉄筋露出-d, 主桁 Mg0302 : ⑦剥離・鉄筋露出-d, 主桁 Mg0304 : ⑦剥離・鉄筋露出-d, 主桁 Mg0401 : ⑦剥離・鉄筋露出-d, 主桁 Mg0402 : ⑦剥離・鉄筋露出-d, 主桁 Mg0403 : ⑦剥離・鉄筋露出-d", "picture_number": "", "this_time_picture": null, "last_time_picture": null, "textarea_content": "主桁に鉄筋露出が見られる。 \n【関連損傷】\n主桁 Mg0302,主桁 Mg0304,主桁 Mg0401～0403:⑦剥離・鉄筋露出-d", "damage_coordinate_x": "525003.839727268", "damage_coordinate_y": "213095.7270112425", "picture_coordinate_x": null, "picture_coordinate_y": null, "span_number": "1径間", "special_links": "主桁 Mg04/⑦剥離・鉄筋露出-d/1径間", "measurement": null, "damage_size": null, "classification": null, "pattern": null, "infra": 1, "article": 1, "table": 11}}, {"model": "infra.fullreportdata", "pk": 10070, "fields": {"parts_name": "主桁 Mg0901", "damage_name": "⑦剥離・鉄筋露出-c", "parts_split": "主桁 Mg09", "four_numbers": "0901", "join": "主桁 Mg0901 : ⑦剥離・鉄筋露出-c", "picture_number": "1", "this_time_picture": "infra/img\\9月7日　佐藤　地上\\P9070537.JPG", "last_time_picture": null, "textarea_content": "主桁にコンクリートの剥離が見られる。", "damage_coordinate_x": "528508.2182060345", "damage_coordinate_y": "218366.5575399188", "picture_coordinate_x": "529225.1221130126", "picture_coordinate_y": "218048.3941777406", "span_number": "1径間", "special_links": "主桁 Mg09/⑦剥離・鉄筋露出-c/1径間", "measurement": null, "damage_size": null, "classification": null, "pattern": null, "infra": 1, "article": 1, "table": 11}}, {"model": "infra.fullreportdata", "pk": 10071, "fields": {"parts_name": "主桁 Mg0901", "damage_name": "⑰その他(分類6:異物混入)-e", "parts_split": "主桁 Mg09", "four_numbers": "0901", "join": "主桁 Mg0901 : ⑰その他(分類6:異物混入)-e", "picture_number": "2", "this_time_picture": "infra/img\\9月7日　佐藤　地上\\P9070404.JPG", "last_time_picture": null, "textarea_content": "主桁に異物混入が見られる。", "damage_coordinate_x": "532240.3861927793", "damage_coordinate_y": "218366.5575399188", "picture_coordinate_x": "534192.8564975171", "picture_coordinate_y": "218396.3930096343", "span_number": "1径間", "special_links": "主桁 Mg09/⑰その他(分類6:異物混入)-e/1径間", "measurement": null, "damage_size": null, "classification": null, "pattern": null, "infra": 1, "article": 1, "table": 11}}, {"model": "infra.fullreportdata", "pk": 10072, "fields": {"parts_name": "横桁 Cr0101", "damage_name": "⑰その他(分類6:施工不良)-e", "parts_split": "横桁 Cr01", "four_numbers": "0101", "join": "横桁 Cr0101 : ⑰その他(分類6:施工不良)-e", "picture_number": "3", "this_time_picture": "infra/img\\9月7日　佐藤　地上\\P9070496.JPG", "last_time_picture": null, "textarea_content": "横桁に施工不良が見られる。", "damage_coordinate_x": "529717.5478308655", "damage_coordinate_y": "226255.0784977268", "picture_coordinate_x": "530492.2250104588", "picture_coordinate_y": "225969.2279711204", "span_number": "1径間", "special_links": "横桁 Cr01/⑰その他(分類6:施工不良)-e/1径間", "measurement": null, "damage_size": null, "classification": null, "pattern": null, "infra": 1, "article": 1, "table": 11}}, {"model": "infra.fullreportdata", "pk": 10073, "fields": {"parts_name": "横桁 Cr0102", "damage_name": "⑰その他(分類6:施工不良)-e", "parts_split": "横桁 Cr02", "four_numbers": "0102", "join": "横桁 Cr0102 : ⑰その他(分類6:施工不良)-e", "picture_number": "4, 5", "this_time_picture": "infra/img\\9月7日　佐藤　地上\\P9070424.JPG, infra/img\\9月7日　佐藤　地上\\P9070430.JPG", "last_time_picture": null, "textarea_content": "横桁に施工不良が見られる。", "damage_coordinate_x": "532578.7587482664", "damage_coordinate_y": "229268.8593029478", "picture_coordinate_x": "532985.6409545547", "picture_coordinate_y": "228954.2335446222", "span_number": "1径間", "special_links": "横桁 Cr02/⑰その他(分類6:施工不良)-e/1径間", "measurement": null, "damage_size": null, "classification": null, "pattern": null, "infra": 1, "article": 1, "table": 11}}, {"model": "infra.fullreportdata", "pk": 10074, "fields": {"parts_name": "横桁 Cr0103", "damage_name": "⑦剥離・鉄筋露出-e", "parts_split": "横桁 Cr03", "four_numbers": "0103", "join": "横桁 Cr0103 : ⑦剥離・鉄筋露出-e/㉓変形・欠損-c", "picture_number": "6", "this_time_picture": "infra/img\\9月7日　佐藤　地上\\P9070433.JPG", "last_time_picture": null, "textarea_content": "横桁に断面減少を伴う鉄筋露出,変形・欠損が見られる。 \n【関連損傷】\n横桁 Cr0103:㉓変形・欠損-c", "damage_coordinate_x": "543427.3505810621", "damage_coordinate_y": "229268.8593029478", "picture_coordinate_x": "543666.8474364146", "picture_coordinate_y": "228932.0443462149", "span_number": "1径間", "special_links": "横桁 Cr03/⑦剥離・鉄筋露出-e/1径間", "measurement": null, "damage_size": null, "classification": null, "pattern": null, "infra": 1, "article": 1, "table": 11}}, {"model": "infra.fullreportdata", "pk": 10075, "fields": {"parts_name": "横桁 Cr0103", "damage_name": "㉓変形・欠損-c", "parts_split": "横桁 Cr03", "four_numbers": "0103", "join": "横桁 Cr0103 : ⑦剥離・鉄筋露出-e/㉓変形・欠損-c", "picture_number": "7", "this_time_picture": "infra/img\\9月7日　佐藤　地上\\P9070433.JPG", "last_time_picture": null, "textarea_content": "横桁に断面減少を伴う鉄筋露出,変形・欠損が見られる。 \n【関連損傷】\n横桁 Cr0103:㉓変形・欠損-c", "damage_coordinate_x": "543427.3505810621", "damage_coordinate_y": "229268.8593029478", "picture_coordinate_x": "543666.8474364146", "picture_coordinate_y": "228932.0443462149", "span_number": "1径間", "special_links": "横桁 Cr03/㉓変形・欠損-c/1径間", "measurement": null, "damage_size": null, "classification": null, "pattern": null, "infra": 1, "article": 1, "table": 11}}, {"model": "infra.fullreportdata", "pk": 10076, "fields": {"parts_name": "横桁 Cr0201", "damage_name": "⑦剥離・鉄筋露出-d", "parts_split": "横桁 Cr01", "four_numbers": "0201", "join": "横桁 Cr0201 : ⑦剥離・鉄筋露出-d, 横桁 Cr0301 : ⑦剥離・鉄筋露出-d, 横桁 Cr0402 : ⑦剥離・鉄筋露出-d, 横桁 Cr0403 : ⑦剥離・鉄筋露出-d, 横桁 Cr0602 : ⑦剥離・鉄筋露出-d, 横桁 Cr0604 : ⑦剥離・鉄筋露出-d, 横桁 Cr0704 : ⑦剥離・鉄筋露出-d", "picture_number": "", "this_time_picture": null, "last_time_picture": null, "textarea_content": "横桁に鉄筋露出が見られる。 \n【関連損傷】\n横桁 Cr0301,横桁 Cr0402,横桁 Cr0403,横桁 Cr0602,横桁 Cr0604,横桁 Cr0704:⑦剥離・鉄筋露出-d", "damage_coordinate_x": "525003.839727268", "damage_coordinate_y": "213095.7270112425", "picture_coordinate_x": null, "picture_coordinate_y": null, "span_number": "1径間", "special_links": "横桁 Cr01/⑦剥離・鉄筋露出-d/1径間", "measurement": null, "damage_size": null, "classification": null, "pattern": null, "infra": 1, "article": 1, "table": 11}}, {"model": "infra.fullreportdata", "pk": 10077, "fields": {"parts_name": "横桁 Cr0301", "damage_name": "⑦剥離・鉄筋露出-d", "parts_split": "横桁 Cr01", "four_numbers": "0301", "join": "横桁 Cr0201 : ⑦剥離・鉄筋露出-d, 横桁 Cr0301 : ⑦剥離・鉄筋露出-d, 横桁 Cr0402 : ⑦剥離・鉄筋露出-d, 横桁 Cr0403 : ⑦剥離・鉄筋露出-d, 横桁 Cr0602 : ⑦剥離・鉄筋露出-d, 横桁 Cr0604 : ⑦剥離・鉄筋露出-d, 横桁 Cr0704 : ⑦剥離・鉄筋露出-d", "picture_number": "", "this_time_picture": null, "last_time_picture": null, "textarea_content": "横桁に鉄筋露出が見られる。 \n【関連損傷】\n横桁 Cr0301,横桁 Cr0402,横桁 Cr0403,横桁 Cr0602,横桁 Cr0604,横桁 Cr0704:⑦剥離・鉄筋露出-d", "damage_coordinate_x": "525003.839727268", "damage_coordinate_y": "213095.7270112425", "picture_coordinate_x": null, "picture_coordinate_y": null, "span_number": "1径間", "special_links": "横桁 Cr01/⑦剥離・鉄筋露出-d/1径間", "measurement": null, "damage_size": null, "classification": null, "pattern": null, "infra": 1, "article": 1, "table": 11}}, {"model": "infra.fullreportdata", "pk": 10078, "fields": {"parts_name": "横桁 Cr0402", "damage_name": "⑦剥離・鉄筋露出-d", "parts_split": "横桁 Cr02", "four_numbers": "0402", "join": "横桁 Cr0201 : ⑦剥離・鉄筋露出-d, 横桁 Cr0301 : ⑦剥離・鉄筋露出-d, 横桁 Cr0402 : ⑦剥離・鉄筋露出-d, 横桁 Cr0403 : ⑦剥離・鉄筋露出-d, 横桁 Cr0602 : ⑦剥離・鉄筋露出-d, 横桁 Cr0604 : ⑦剥離・鉄筋露出-d, 横桁 Cr0704 : ⑦剥離・鉄筋露出-d", "picture_number": "", "this_time_picture": null, "last_time_picture": null, "textarea_content": "横桁に鉄筋露出が見られる。 \n【関連損傷】\n横桁 Cr0301,横桁 Cr0402,横桁 Cr0403,横桁 Cr0602,横桁 Cr0604,横桁 Cr0704:⑦剥離・鉄筋露出-d", "damage_coordinate_x": "525003.839727268", "damage_coordinate_y": "213095.7270112425", "picture_coordinate_x": null, "picture_coordinate_y": null, "span_number": "1径間", "special_links": "横桁 Cr02/⑦剥離・鉄筋露出-d/1径間", "measurement": null, "damage_size": null, "classification": null, "pattern": null, "infra": 1, "article": 1, "table": 11}}, {"model": "infra.fullreportdata", "pk": 10079, "fields": {"parts_name": "横桁 Cr0403", "damage_name": "⑦剥離・鉄筋露出-d", "parts_split": "横桁 Cr03", "four_numbers": "0403", "join": "横桁 Cr0201 : ⑦剥離・鉄筋露出-d, 横桁 Cr0301 : ⑦剥離・鉄筋露出-d, 横桁 Cr0402 : ⑦剥離・鉄筋露出-d, 横桁 Cr0403 : ⑦剥離・鉄筋露出-d, 横桁 Cr0602 : ⑦剥離・鉄筋露出-d, 横桁 Cr0604 : ⑦剥離・鉄筋露出-d, 横桁 Cr0704 : ⑦剥離・鉄筋露出-d", "picture_number": "", "this_time_picture": null, "last_time_picture": null, "textarea_content": "横桁に鉄筋露出が見られる。 \n【関連損傷】\n横桁 Cr0301,横桁 Cr0402,横桁 Cr0403,横桁 Cr0602,横桁 Cr0604,横桁 Cr0704:⑦剥離・鉄筋露出-d", "damage_coordinate_x": "525003.839727268", "damage_coordinate_y": "213095.7270112425", "picture_coordinate_x": null, "picture_coordinate_y": null, "span_number": "1径間", "special_links": "横桁 Cr03/⑦剥離・鉄筋露出-d/1径間", "measurement": null, "damage_size": null, "classification": null, "pattern": null, "infra": 1, "article": 1, "table": 11}}, {"model": "infra.fullreportdata", "pk": 10080, "fields": {"parts_name": "横桁 Cr0602", "damage_name": "⑦剥離・鉄筋露出-d", "parts_split": "横桁 Cr02", "four_numbers": "0602", "join": "横桁 Cr0201 : ⑦剥離・鉄筋露出-d, 横桁 Cr0301 : ⑦剥離・鉄筋露出-d, 横桁 Cr0402 : ⑦剥離・鉄筋露出-d, 横桁 Cr0403 : ⑦剥離・鉄筋露出-d, 横桁 Cr0602 : ⑦剥離・鉄筋露出-d, 横桁 Cr0604 : ⑦剥離・鉄筋露出-d, 横桁 Cr0704 : ⑦剥離・鉄筋露出-d", "picture_number": "", "this_time_picture": null, "last_time_picture": null, "textarea_content": "横桁に鉄筋露出が見られる。 \n【関連損傷】\n横桁 Cr0301,横桁 Cr0402,横桁 Cr0403,横桁 Cr0602,横桁 Cr0604,横桁 Cr0704:⑦剥離・鉄筋露出-d", "damage_coordinate_x": "525003.839727268", "damage_coordinate_y": "213095.7270112425", "picture_coordinate_x": null, "picture_coordinate_y": null, "span_number": "1径間", "special_links": "横桁 Cr02/⑦剥離・鉄筋露出-d/1径間", "measurement": null, "damage_size": null, "classification": null, "pattern": null, "infra": 1, "article": 1, "table": 11}}, {"model": "infra.fullreportdata", "pk": 10081, "fields": {"parts_name": "横桁 Cr0604", "damage_name": "⑦剥離・鉄筋露出-d", "parts_split": "横桁 Cr04", "four_numbers": "0604", "join": "横桁 Cr0201 : ⑦剥離・鉄筋露出-d, 横桁 Cr0301 : ⑦剥離・鉄筋露出-d, 横桁 Cr0402 : ⑦剥離・鉄筋露出-d, 横桁 Cr0403 : ⑦剥離・鉄筋露出-d, 横桁 Cr0602 : ⑦剥離・鉄筋露出-d, 横桁 Cr0604 : ⑦剥離・鉄筋露出-d, 横桁 Cr0704 : ⑦剥離・鉄筋露出-d", "picture_number": "", "this_time_picture": null, "last_time_picture": null, "textarea_content": "横桁に鉄筋露出が見られる。 \n【関連損傷】\n横桁 Cr0301,横桁 Cr0402,横桁 Cr0403,横桁 Cr0602,横桁 Cr0604,横桁 Cr0704:⑦剥離・鉄筋露出-d", "damage_coordinate_x": "525003.839727268", "damage_coordinate_y": "213095.7270112425", "picture_coordinate_x": null, "picture_coordinate_y": null, "span_number": "1径間", "special_links": "横桁 Cr04/⑦剥離・鉄筋露出-d/1径間", "measurement": null, "damage_size": null, "classification": null, "pattern": null, "infra": 1, "article": 1, "table": 11}}, {"model": "infra.fullreportdata", "pk": 10082, "fields": {"parts_name": "横桁 Cr0704", "damage_name": "⑦剥離・鉄筋露出-d", "parts_split": "横桁 Cr04", "four_numbers": "0704", "join": "横桁 Cr0201 : ⑦剥離・鉄筋露出-d, 横桁 Cr0301 : ⑦剥離・鉄筋露出-d, 横桁 Cr0402 : ⑦剥離・鉄筋露出-d, 横桁 Cr0403 : ⑦剥離・鉄筋露出-d, 横桁 Cr0602 : ⑦剥離・鉄筋露出-d, 横桁 Cr0604 : ⑦剥離・鉄筋露出-d, 横桁 Cr0704 : ⑦剥離・鉄筋露出-d", "picture_number": "", "this_time_picture": null, "last_time_picture": null, "textarea_content": "横桁に鉄筋露出が見られる。 \n【関連損傷】\n横桁 Cr0301,横桁 Cr0402,横桁 Cr0403,横桁 Cr0602,横桁 Cr0604,横桁 Cr0704:⑦剥離・鉄筋露出-d", "damage_coordinate_x": "525003.839727268", "damage_coordinate_y": "213095.7270112425", "picture_coordinate_x": null, "picture_coordinate_y": null, "span_number": "1径間", "special_links": "横桁 Cr04/⑦剥離・鉄筋露出-d/1径間", "measurement": null, "damage_size": null, "classification": null, "pattern": null, "infra": 1, "article": 1, "table": 11}}, {"model": "infra.fullreportdata", "pk": 10083, "fields": {"parts_name": "横桁 Cr0204", "damage_name": "⑦剥離・鉄筋露出-e", "parts_split": "横桁 Cr04", "four_numbers": "0204", "join": "横桁 Cr0204 : ⑦剥離・鉄筋露出-e", "picture_number": "8", "this_time_picture": "infra/img\\9月7日　佐藤　地上\\P9070478.JPG", "last_time_picture": null, "textarea_content": "横桁に断面減少を伴う鉄筋露出が見られる。", "damage_coordinate_x": "548316.6020528428", "damage_coordinate_y": "226251.4621194576", "picture_coordinate_x": "549169.7165741528", "picture_coordinate_y": "225941.858472284", "span_number": "1径間", "special_links": "横桁 Cr04/⑦剥離・鉄筋露出-e/1径間", "measurement": null, "damage_size": null, "classification": null, "pattern": null, "infra": 1, "article": 1, "table": 11}}, {"model": "infra.fullreportdata", "pk": 10084, "fields": {"parts_name": "横桁 Cr0304", "damage_name": "⑦剥離・鉄筋露出-e", "parts_split": "横桁 Cr04", "four_numbers": "0304", "join": "横桁 Cr0304 : ⑦剥離・鉄筋露出-e", "picture_number": "9", "this_time_picture": "infra/img\\9月7日　佐藤　地上\\P9070476.JPG", "last_time_picture": null, "textarea_content": "横桁に断面減少を伴う鉄筋露出が見られる。", "damage_coordinate_x": "547430.0305409065", "damage_coordinate_y": "224715.8752162406", "picture_coordinate_x": "547714.7833405402", "picture_coordinate_y": "224403.0381771689", "span_number": "1径間", "special_links": "横桁 Cr04/⑦剥離・鉄筋露出-e/1径間", "measurement": null, "damage_size": null, "classification": null, "pattern": null, "infra": 1, "article": 1, "table": 11}}, {"model": "infra.fullreportdata", "pk": 10085, "fields": {"parts_name": "横桁 Cr0401", "damage_name": "⑦剥離・鉄筋露出-e", "parts_split": "横桁 Cr01", "four_numbers": "0401", "join": "横桁 Cr0401 : ⑦剥離・鉄筋露出-e", "picture_number": "10", "this_time_picture": "infra/img\\9月7日　佐藤　地上\\P9070523.JPG", "last_time_picture": null, "textarea_content": "横桁に断面減少を伴う鉄筋露出が見られる。", "damage_coordinate_x": "529221.0193919685", "damage_coordinate_y": "223295.995449547", "picture_coordinate_x": "529401.0143646629", "picture_coordinate_y": "222981.8261548198", "span_number": "1径間", "special_links": "横桁 Cr01/⑦剥離・鉄筋露出-e/1径間", "measurement": null, "damage_size": null, "classification": null, "pattern": null, "infra": 1, "article": 1, "table": 11}}, {"model": "infra.fullreportdata", "pk": 10086, "fields": {"parts_name": "横桁 Cr0503", "damage_name": "⑦剥離・鉄筋露出-d", "parts_split": "横桁 Cr03", "four_numbers": "0503", "join": "横桁 Cr0503 : ⑦剥離・鉄筋露出-d", "picture_number": "11, 12", "this_time_picture": "infra/img\\9月7日　佐藤　地上\\P9070450.JPG, infra/img\\9月7日　佐藤　地上\\P9070452.JPG", "last_time_picture": null, "textarea_content": "横桁に鉄筋露出が見られる。", "damage_coordinate_x": "546181.340571892", "damage_coordinate_y": "222553.0807470059", "picture_coordinate_x": "546769.9402349197", "picture_coordinate_y": "222164.8389810835", "span_number": "1径間", "special_links": "横桁 Cr03/⑦剥離・鉄筋露出-d/1径間", "measurement": null, "damage_size": null, "classification": null, "pattern": null, "infra": 1, "article": 1, "table": 11}}, {"model": "infra.fullreportdata", "pk": 10087, "fields": {"parts_name": "横桁 Cr0801", "damage_name": "⑦剥離・鉄筋露出-d", "parts_split": "横桁 Cr01", "four_numbers": "0801", "join": "横桁 Cr0801 : ⑦剥離・鉄筋露出-d", "picture_number": "13", "this_time_picture": "infra/img\\9月7日　佐藤　地上\\P9070525.JPG", "last_time_picture": null, "textarea_content": "横桁に鉄筋露出が見られる。", "damage_coordinate_x": "527566.5420863405", "damage_coordinate_y": "220430.3566962297", "picture_coordinate_x": "527793.2963477422", "picture_coordinate_y": "220070.4196068052", "span_number": "1径間", "special_links": "横桁 Cr01/⑦剥離・鉄筋露出-d/1径間", "measurement": null, "damage_size": null, "classification": null, "pattern": null, "infra": 1, "article": 1, "table": 11}}, {"model": "infra.fullreportdata", "pk": 10088, "fields": {"parts_name": "横桁 Cr0802", "damage_name": "⑦剥離・鉄筋露出-e", "parts_split": "横桁 Cr02", "four_numbers": "0802", "join": "横桁 Cr0802 : ⑦剥離・鉄筋露出-e", "picture_number": "14, 15", "this_time_picture": "infra/img\\9月7日　佐藤　地上\\P9070396.JPG, infra/img\\9月7日　佐藤　地上\\P9070412.JPG", "last_time_picture": null, "textarea_content": "横桁に断面減少を伴う鉄筋露出が見られる。", "damage_coordinate_x": "538443.3187868086", "damage_coordinate_y": "218366.5575399188", "picture_coordinate_x": "538761.6085522854", "picture_coordinate_y": "218087.1577589952", "span_number": "1径間", "special_links": "横桁 Cr02/⑦剥離・鉄筋露出-e/1径間", "measurement": null, "damage_size": null, "classification": null, "pattern": null, "infra": 1, "article": 1, "table": 11}}, {"model": "infra.fullreportdata", "pk": 10089, "fields": {"parts_name": "横桁 Cr0803", "damage_name": "⑦剥離・鉄筋露出-d", "parts_split": "横桁 Cr03", "four_numbers": "0803", "join": "横桁 Cr0803 : ⑦剥離・鉄筋露出-d", "picture_number": "16", "this_time_picture": "infra/img\\9月7日　佐藤　地上\\P9070458.JPG", "last_time_picture": null, "textarea_content": "横桁に鉄筋露出が見られる。", "damage_coordinate_x": "543207.0862507953", "damage_coordinate_y": "218366.5575399188", "picture_coordinate_x": "545418.5774821687", "picture_coordinate_y": "218368.3759352968", "span_number": "1径間", "special_links": "横桁 Cr03/⑦剥離・鉄筋露出-d/1径間", "measurement": null, "damage_size": null, "classification": null, "pattern": null, "infra": 1, "article": 1, "table": 11}}, {"model": "infra.fullreportdata", "pk": 10090, "fields": {"parts_name": "床版 Ds0101", "damage_name": "⑦剥離・鉄筋露出-d", "parts_split": "床版 Ds00", "four_numbers": "0101", "join": "床版 Ds0101 : ⑦剥離・鉄筋露出-d", "picture_number": "17", "this_time_picture": "infra/img\\9月7日　佐藤　地上\\P9070497.JPG", "last_time_picture": null, "textarea_content": "床版に鉄筋露出が見られる。", "damage_coordinate_x": "531595.7611265536", "damage_coordinate_y": "227530.3566962298", "picture_coordinate_x": "531805.9667048807", "picture_coordinate_y": "227218.1705246582", "span_number": "1径間", "special_links": "床版 Ds00/⑦剥離・鉄筋露出-d/1径間", "measurement": null, "damage_size": null, "classification": null, "pattern": null, "infra": 1, "article": 1, "table": 11}}, {"model": "infra.fullreportdata", "pk": 10091, "fields": {"parts_name": "床版 Ds0201", "damage_name": "⑦剥離・鉄筋露出-d", "parts_split": "床版 Ds00", "four_numbers": "0201", "join": "床版 Ds0201 : ⑦剥離・鉄筋露出-d, 床版 Ds0203 : ⑦剥離・鉄筋露出-d", "picture_number": "", "this_time_picture": null, "last_time_picture": null, "textarea_content": "床版に鉄筋露出が見られる。 \n【関連損傷】\n床版 Ds0203:⑦剥離・鉄筋露出-d", "damage_coordinate_x": "525003.839727268", "damage_coordinate_y": "213095.7270112425", "picture_coordinate_x": null, "picture_coordinate_y": null, "span_number": "1径間", "special_links": "床版 Ds00/⑦剥離・鉄筋露出-d/1径間", "measurement": null, "damage_size": null, "classification": null, "pattern": null, "infra": 1, "article": 1, "table": 11}}, {"model": "infra.fullreportdata", "pk": 10092, "fields": {"parts_name": "床版 Ds0203", "damage_name": "⑦剥離・鉄筋露出-d", "parts_split": "床版 Ds00", "four_numbers": "0203", "join": "床版 Ds0201 : ⑦剥離・鉄筋露出-d, 床版 Ds0203 : ⑦剥離・鉄筋露出-d", "picture_number": "", "this_time_picture": null, "last_time_picture": null, "textarea_content": "床版に鉄筋露出が見られる。 \n【関連損傷】\n床版 Ds0203:⑦剥離・鉄筋露出-d", "damage_coordinate_x": "525003.839727268", "damage_coordinate_y": "213095.7270112425", "picture_coordinate_x": null, "picture_coordinate_y": null, "span_number": "1径間", "special_links": "床版 Ds00/⑦剥離・鉄筋露出-d/1径間", "measurement": null, "damage_size": null, "classification": null, "pattern": null, "infra": 1, "article": 1, "table": 11}}, {"model": "infra.fullreportdata", "pk": 10093, "fields": {"parts_name": "床版 Ds0803", "damage_name": "⑦剥離・鉄筋露出-d", "parts_split": "床版 Ds00", "four_numbers": "0803", "join": "床版 Ds0803 : ⑦剥離・鉄筋露出-d", "picture_number": "18", "this_time_picture": "infra/img\\9月7日　佐藤　地上\\P9070465.JPG", "last_time_picture": null, "textarea_content": "床版に鉄筋露出が見られる。", "damage_coordinate_x": "544955.785269761", "damage_coordinate_y": "220430.3566962297", "picture_coordinate_x": "545192.2035962", "picture_coordinate_y": "220088.065259854", "span_number": "1径間", "special_links": "床版 Ds00/⑦剥離・鉄筋露出-d/1径間", "measurement": null, "damage_size": null, "classification": null, "pattern": null, "infra": 1, "article": 1, "table": 11}}, {"model": "infra.fullreportdata", "pk": 10094, "fields": {"parts_name": "PC定着部 Cn1203", "damage_name": "NON-a", "parts_split": "PC定着部 Cn12", "four_numbers": "1203", "join": "PC定着部 Cn1203 : NON-a", "picture_number": "", "this_time_picture": null, "last_time_picture": null, "textarea_content": "PC定着部にNON-aが見られる。", "damage_coordinate_x": "537494.8440878117", "damage_coordinate_y": "190371.7813098583", "picture_coordinate_x": null, "picture_coordinate_y": null, "span_number": "1径間", "special_links": "PC定着部 Cn12/NON-a/1径間", "measurement": null, "damage_size": null, "classification": null, "pattern": null, "infra": 1, "article": 1, "table": 11}}, {"model": "infra.fullreportdata", "pk": 10095, "fields": {"parts_name": "橋台[胸壁] Ap0101", "damage_name": "⑳漏水・滞水-e", "parts_split": "橋台[胸壁] Ap00", "four_numbers": "0101", "join": "橋台[胸壁] Ap0101 : ⑳漏水・滞水-e, 橋台[竪壁] Ac0101 : ⑳漏水・滞水-e, 伸縮装置 Ej0101 : ⑳漏水・滞水-e", "picture_number": "19", "this_time_picture": "infra/img\\9月7日　佐藤　地上\\P9070438.JPG", "last_time_picture": null, "textarea_content": "橋台[胸壁]および橋台[竪壁],伸縮装置に漏水・滞水が見られる。 \n【関連損傷】\n橋台[竪壁] Ac0101,伸縮装置 Ej0101:⑳漏水・滞水-e", "damage_coordinate_x": "535305.6406762057", "damage_coordinate_y": "190342.4721676922", "picture_coordinate_x": "537494.8440878117", "picture_coordinate_y": "190371.7813098583", "span_number": "1径間", "special_links": "橋台[胸壁] Ap00/⑳漏水・滞水-e/1径間", "measurement": null, "damage_size": null, "classification": null, "pattern": null, "infra": 1, "article": 1, "table": 11}}, {"model": "infra.fullreportdata", "pk": 10096, "fields": {"parts_name": "橋台[竪壁] Ac0101", "damage_name": "⑳漏水・滞水-e", "parts_split": "橋台[竪壁] Ac00", "four_numbers": "0101", "join": "橋台[胸壁] Ap0101 : ⑳漏水・滞水-e, 橋台[竪壁] Ac0101 : ⑳漏水・滞水-e, 伸縮装置 Ej0101 : ⑳漏水・滞水-e", "picture_number": "20", "this_time_picture": "infra/img\\9月7日　佐藤　地上\\P9070438.JPG", "last_time_picture": null, "textarea_content": "橋台[胸壁]および橋台[竪壁],伸縮装置に漏水・滞水が見られる。 \n【関連損傷】\n橋台[竪壁] Ac0101,伸縮装置 Ej0101:⑳漏水・滞水-e", "damage_coordinate_x": "535305.6406762057", "damage_coordinate_y": "190342.4721676922", "picture_coordinate_x": "537494.8440878117", "picture_coordinate_y": "190371.7813098583", "span_number": "1径間", "special_links": "橋台[竪壁] Ac00/⑳漏水・滞水-e/1径間", "measurement": null, "damage_size": null, "classification": null, "pattern": null, "infra": 1, "article": 1, "table": 11}}, {"model": "infra.fullreportdata", "pk": 10097, "fields": {"parts_name": "伸縮装置 Ej0101", "damage_name": "⑳漏水・滞水-e", "parts_split": "伸縮装置 Ej00", "four_numbers": "0101", "join": "橋台[胸壁] Ap0101 : ⑳漏水・滞水-e, 橋台[竪壁] Ac0101 : ⑳漏水・滞水-e, 伸縮装置 Ej0101 : ⑳漏水・滞水-e", "picture_number": "21", "this_time_picture": "infra/img\\9月7日　佐藤　地上\\P9070438.JPG", "last_time_picture": null, "textarea_content": "橋台[胸壁]および橋台[竪壁],伸縮装置に漏水・滞水が見られる。 \n【関連損傷】\n橋台[竪壁] Ac0101,伸縮装置 Ej0101:⑳漏水・滞水-e", "damage_coordinate_x": "535305.6406762057", "damage_coordinate_y": "190342.4721676922", "picture_coordinate_x": "537494.8440878117", "picture_coordinate_y": "190371.7813098583", "span_number": "1径間", "special_links": "伸縮装置 Ej00/⑳漏水・滞水-e/1径間", "measurement": null, "damage_size": null, "classification": null, "pattern": null, "infra": 1, "article": 1, "table": 11}}, {"model": "infra.fullreportdata", "pk": 10098, "fields": {"parts_name": "橋台[胸壁] Ap0102", "damage_name": "⑳漏水・滞水-e", "parts_split": "橋台[胸壁] Ap00", "four_numbers": "0102", "join": "橋台[胸壁] Ap0102 : ⑳漏水・滞水-e, 橋台[竪壁] Ac0102 : ⑳漏水・滞水-e, 伸縮装置 Ej0102 : ⑳漏水・滞水-e", "picture_number": "22", "this_time_picture": "infra/img\\9月7日　佐藤　地上\\P9070443.JPG", "last_time_picture": null, "textarea_content": "橋台[胸壁]および橋台[竪壁],伸縮装置に漏水・滞水が見られる。 \n【関連損傷】\n橋台[竪壁] Ac0102,伸縮装置 Ej0102:⑳漏水・滞水-e", "damage_coordinate_x": "534633.1754138757", "damage_coordinate_y": "198400.9331532792", "picture_coordinate_x": "537045.4396522791", "picture_coordinate_y": "198420.7293499758", "span_number": "1径間", "special_links": "橋台[胸壁] Ap00/⑳漏水・滞水-e/1径間", "measurement": null, "damage_size": null, "classification": null, "pattern": null, "infra": 1, "article": 1, "table": 11}}, {"model": "infra.fullreportdata", "pk": 10099, "fields": {"parts_name": "橋台[竪壁] Ac0102", "damage_name": "⑳漏水・滞水-e", "parts_split": "橋台[竪壁] Ac00", "four_numbers": "0102", "join": "橋台[胸壁] Ap0102 : ⑳漏水・滞水-e, 橋台[竪壁] Ac0102 : ⑳漏水・滞水-e, 伸縮装置 Ej0102 : ⑳漏水・滞水-e", "picture_number": "23", "this_time_picture": "infra/img\\9月7日　佐藤　地上\\P9070443.JPG", "last_time_picture": null, "textarea_content": "橋台[胸壁]および橋台[竪壁],伸縮装置に漏水・滞水が見られる。 \n【関連損傷】\n橋台[竪壁] Ac0102,伸縮装置 Ej0102:⑳漏水・滞水-e", "damage_coordinate_x": "534633.1754138757", "damage_coordinate_y": "198400.9331532792", "picture_coordinate_x": "537045.4396522791", "picture_coordinate_y": "198420.7293499758", "span_number": "1径間", "special_links": "橋台[竪壁] Ac00/⑳漏水・滞水-e/1径間", "measurement": null, "damage_size": null, "classification": null, "pattern": null, "infra": 1, "article": 1, "table": 11}}, {"model": "infra.fullreportdata", "pk": 10100, "fields": {"parts_name": "伸縮装置 Ej0102", "damage_name": "⑳漏水・滞水-e", "parts_split": "伸縮装置 Ej00", "four_numbers": "0102", "join": "橋台[胸壁] Ap0102 : ⑳漏水・滞水-e, 橋台[竪壁] Ac0102 : ⑳漏水・滞水-e, 伸縮装置 Ej0102 : ⑳漏水・滞水-e", "picture_number": "24", "this_time_picture": "infra/img\\9月7日　佐藤　地上\\P9070443.JPG", "last_time_picture": null, "textarea_content": "橋台[胸壁]および橋台[竪壁],伸縮装置に漏水・滞水が見られる。 \n【関連損傷】\n橋台[竪壁] Ac0102,伸縮装置 Ej0102:⑳漏水・滞水-e", "damage_coordinate_x": "534633.1754138757", "damage_coordinate_y": "198400.9331532792", "picture_coordinate_x": "537045.4396522791", "picture_coordinate_y": "198420.7293499758", "span_number": "1径間", "special_links": "伸縮装置 Ej00/⑳漏水・滞水-e/1径間", "measurement": null, "damage_size": null, "classification": null, "pattern": null, "infra": 1, "article": 1, "table": 11}}, {"model": "infra.fullreportdata", "pk": 10101, "fields": {"parts_name": "支承本体 Bh0102", "damage_name": "NON-a", "parts_split": "支承本体 Bh00", "four_numbers": "0102", "join": "支承本体 Bh0102 : NON-a, 沓座モルタル Bm0102 : NON-a", "picture_number": "", "this_time_picture": null, "last_time_picture": null, "textarea_content": "支承本体,沓座モルタルにNON-aが見られる。 \n【関連損傷】\n沓座モルタル Bm0102:NON-a", "damage_coordinate_x": "537494.8440878117", "damage_coordinate_y": "190371.7813098583", "picture_coordinate_x": null, "picture_coordinate_y": null, "span_number": "1径間", "special_links": "支承本体 Bh00/NON-a/1径間", "measurement": null, "damage_size": null, "classification": null, "pattern": null, "infra": 1, "article": 1, "table": 11}}, {"model": "infra.fullreportdata", "pk": 10102, "fields": {"parts_name": "沓座モルタル Bm0102", "damage_name": "NON-a", "parts_split": "沓座モルタル Bm00", "four_numbers": "0102", "join": "支承本体 Bh0102 : NON-a, 沓座モルタル Bm0102 : NON-a", "picture_number": "", "this_time_picture": null, "last_time_picture": null, "textarea_content": "支承本体,沓座モルタルにNON-aが見られる。 \n【関連損傷】\n沓座モルタル Bm0102:NON-a", "damage_coordinate_x": "537494.8440878117", "damage_coordinate_y": "190371.7813098583", "picture_coordinate_x": null, "picture_coordinate_y": null, "span_number": "1径間", "special_links": "沓座モルタル Bm00/NON-a/1径間", "measurement": null, "damage_size": null, "classification": null, "pattern": null, "infra": 1, "article": 1, "table": 11}}, {"model": "infra.fullreportdata", "pk": 10103, "fields": {"parts_name": "地覆 Fg0201", "damage_name": "⑫うき-e", "parts_split": "地覆 Fg00", "four_numbers": "0201", "join": "地覆 Fg0201 : ⑫うき-e", "picture_number": "25", "this_time_picture": "infra/img\\9月7日　佐藤　地上\\P9070535.JPG", "last_time_picture": null, "textarea_content": "地覆にコンクリートのうきが見られる。", "damage_coordinate_x": "529523.5331537114", "damage_coordinate_y": "216164.654853505", "picture_coordinate_x": "529841.2180579801", "picture_coordinate_y": "215806.1718362219", "span_number": "1径間", "special_links": "地覆 Fg00/⑫うき-e/1径間", "measurement": null, "damage_size": null, "classification": null, "pattern": null, "infra": 1, "article": 1, "table": 11}}, {"model": "infra.fullreportdata", "pk": 10104, "fields": {"parts_name": "排水管 Dp0101", "damage_name": "①腐食(大大)-e", "parts_split": "排水管 Dp00", "four_numbers": "0101", "join": "排水管 Dp0101 : ①腐食(大大)-e/⑤防食機能の劣化(分類1)-e", "picture_number": "26", "this_time_picture": "infra/img\\9月7日　佐藤　地上\\P9070422.JPG", "last_time_picture": null, "textarea_content": "排水管に板厚減少を伴う拡がりのある腐食,点錆が見られる。 \n【関連損傷】\n排水管 Dp0101:⑤防食機能の劣化(分類1)-e", "damage_coordinate_x": "538482.3557216563", "damage_coordinate_y": "229268.8593029478", "picture_coordinate_x": "538810.3087944178", "picture_coordinate_y": "228910.3502713814", "span_number": "1径間", "special_links": "排水管 Dp00/①腐食(大大)-e/1径間", "measurement": null, "damage_size": null, "classification": null, "pattern": null, "infra": 1, "article": 1, "table": 11}}, {"model": "infra.fullreportdata", "pk": 10105, "fields": {"parts_name": "排水管 Dp0101", "damage_name": "⑤防食機能の劣化(分類1)-e", "parts_split": "排水管 Dp00", "four_numbers": "0101", "join": "排水管 Dp0101 : ①腐食(大大)-e/⑤防食機能の劣化(分類1)-e", "picture_number": "27", "this_time_picture": "infra/img\\9月7日　佐藤　地上\\P9070422.JPG", "last_time_picture": null, "textarea_content": "排水管に板厚減少を伴う拡がりのある腐食,点錆が見られる。 \n【関連損傷】\n排水管 Dp0101:⑤防食機能の劣化(分類1)-e", "damage_coordinate_x": "538482.3557216563", "damage_coordinate_y": "229268.8593029478", "picture_coordinate_x": "538810.3087944178", "picture_coordinate_y": "228910.3502713814", "span_number": "1径間", "special_links": "排水管 Dp00/⑤防食機能の劣化(分類1)-e/1径間", "measurement": null, "damage_size": null, "classification": null, "pattern": null, "infra": 1, "article": 1, "table": 11}}, {"model": "infra.fullreportdata", "pk": 10106, "fields": {"parts_name": "排水管 Dp0102", "damage_name": "①腐食(小大)-c", "parts_split": "排水管 Dp00", "four_numbers": "0102", "join": "排水管 Dp0102 : ①腐食(小大)-c/⑤防食機能の劣化(分類1)-e", "picture_number": "28", "this_time_picture": "infra/img\\9月7日　佐藤　地上\\P9070486.JPG", "last_time_picture": null, "textarea_content": "排水管に拡がりのある腐食,点錆が見られる。 \n【関連損傷】\n排水管 Dp0102:⑤防食機能の劣化(分類1)-e", "damage_coordinate_x": "547059.1990495767", "damage_coordinate_y": "229268.8593029478", "picture_coordinate_x": "549204.9604817769", "picture_coordinate_y": "229256.3408485695", "span_number": "1径間", "special_links": "排水管 Dp00/①腐食(小大)-c/1径間", "measurement": null, "damage_size": null, "classification": null, "pattern": null, "infra": 1, "article": 1, "table": 11}}, {"model": "infra.fullreportdata", "pk": 10107, "fields": {"parts_name": "排水管 Dp0102", "damage_name": "⑤防食機能の劣化(分類1)-e", "parts_split": "排水管 Dp00", "four_numbers": "0102", "join": "排水管 Dp0102 : ①腐食(小大)-c/⑤防食機能の劣化(分類1)-e", "picture_number": "29", "this_time_picture": "infra/img\\9月7日　佐藤　地上\\P9070486.JPG", "last_time_picture": null, "textarea_content": "排水管に拡がりのある腐食,点錆が見られる。 \n【関連損傷】\n排水管 Dp0102:⑤防食機能の劣化(分類1)-e", "damage_coordinate_x": "547059.1990495767", "damage_coordinate_y": "229268.8593029478", "picture_coordinate_x": "549204.9604817769", "picture_coordinate_y": "229256.3408485695", "span_number": "1径間", "special_links": "排水管 Dp00/⑤防食機能の劣化(分類1)-e/1径間", "measurement": null, "damage_size": null, "classification": null, "pattern": null, "infra": 1, "article": 1, "table": 11}}, {"model": "infra.fullreportdata", "pk": 10108, "fields": {"parts_name": "排水管 Dp0201", "damage_name": "①腐食(小大)-c", "parts_split": "排水管 Dp00", "four_numbers": "0201", "join": "排水管 Dp0201 : ①腐食(小大)-c/⑤防食機能の劣化(分類1)-e, 排水管 Dp0202 : ①腐食(小大)-c/⑤防食機能の劣化(分類1)-e", "picture_number": "", "this_time_picture": null, "last_time_picture": null, "textarea_content": "排水管に拡がりのある腐食が見られる。 \n【関連損傷】\n排水管 Dp0202:①腐食(小大)-c", "damage_coordinate_x": "525003.839727268", "damage_coordinate_y": "213095.7270112425", "picture_coordinate_x": null, "picture_coordinate_y": null, "span_number": "1径間", "special_links": "排水管 Dp00/①腐食(小大)-c/1径間", "measurement": null, "damage_size": null, "classification": null, "pattern": null, "infra": 1, "article": 1, "table": 11}}, {"model": "infra.fullreportdata", "pk": 10109, "fields": {"parts_name": "排水管 Dp0201", "damage_name": "⑤防食機能の劣化(分類1)-e", "parts_split": "排水管 Dp00", "four_numbers": "0201", "join": "排水管 Dp0201 : ①腐食(小大)-c/⑤防食機能の劣化(分類1)-e, 排水管 Dp0202 : ①腐食(小大)-c/⑤防食機能の劣化(分類1)-e", "picture_number": "", "this_time_picture": null, "last_time_picture": null, "textarea_content": "排水管に拡がりのある腐食が見られる。 \n【関連損傷】\n排水管 Dp0202:①腐食(小大)-c", "damage_coordinate_x": "525003.839727268", "damage_coordinate_y": "213095.7270112425", "picture_coordinate_x": null, "picture_coordinate_y": null, "span_number": "1径間", "special_links": "排水管 Dp00/⑤防食機能の劣化(分類1)-e/1径間", "measurement": null, "damage_size": null, "classification": null, "pattern": null, "infra": 1, "article": 1, "table": 11}}, {"model": "infra.fullreportdata", "pk": 10110, "fields": {"parts_name": "排水管 Dp0202", "damage_name": "①腐食(小大)-c", "parts_split": "排水管 Dp00", "four_numbers": "0202", "join": "排水管 Dp0201 : ①腐食(小大)-c/⑤防食機能の劣化(分類1)-e, 排水管 Dp0202 : ①腐食(小大)-c/⑤防食機能の劣化(分類1)-e", "picture_number": "", "this_time_picture": null, "last_time_picture": null, "textarea_content": "排水管に拡がりのある腐食が見られる。 \n【関連損傷】\n排水管 Dp0202:①腐食(小大)-c", "damage_coordinate_x": "525003.839727268", "damage_coordinate_y": "213095.7270112425", "picture_coordinate_x": null, "picture_coordinate_y": null, "span_number": "1径間", "special_links": "排水管 Dp00/①腐食(小大)-c/1径間", "measurement": null, "damage_size": null, "classification": null, "pattern": null, "infra": 1, "article": 1, "table": 11}}, {"model": "infra.fullreportdata", "pk": 10111, "fields": {"parts_name": "排水管 Dp0202", "damage_name": "⑤防食機能の劣化(分類1)-e", "parts_split": "排水管 Dp00", "four_numbers": "0202", "join": "排水管 Dp0201 : ①腐食(小大)-c/⑤防食機能の劣化(分類1)-e, 排水管 Dp0202 : ①腐食(小大)-c/⑤防食機能の劣化(分類1)-e", "picture_number": "", "this_time_picture": null, "last_time_picture": null, "textarea_content": "排水管に拡がりのある腐食が見られる。 \n【関連損傷】\n排水管 Dp0202:①腐食(小大)-c", "damage_coordinate_x": "525003.839727268", "damage_coordinate_y": "213095.7270112425", "picture_coordinate_x": null, "picture_coordinate_y": null, "span_number": "1径間", "special_links": "排水管 Dp00/⑤防食機能の劣化(分類1)-e/1径間", "measurement": null, "damage_size": null, "classification": null, "pattern": null, "infra": 1, "article": 1, "table": 11}}, {"model": "infra.fullreportdata", "pk": 10112, "fields": {"parts_name": "支承本体 Bh0101", "damage_name": "①腐食(小小)-b", "parts_split": "支承本体 Bh00", "four_numbers": "0101", "join": "支承本体 Bh0101 : ①腐食(小小)-b/⑤防食機能の劣化(分類1)-e/㉓変形・欠損-c, 沓座モルタル Bm0101 : ⑦剥離・鉄筋露出-c", "picture_number": "30", "this_time_picture": "infra/img\\9月7日　佐藤　地上\\P9070504.JPG", "last_time_picture": null, "textarea_content": "支承本体に腐食,変形・欠損が見られる。また沓座モルタルにコンクリートの剥離が見られる。 \n【関連損傷】\n支承本体 Bh0101:㉓変形・欠損-c, 沓座モルタル Bm0101:⑦剥離・鉄筋露出-c", "damage_coordinate_x": "589100.6408404222", "damage_coordinate_y": "223935.3885015437", "picture_coordinate_x": "591543.5416080136", "picture_coordinate_y": "223659.8990548863", "span_number": "2径間", "special_links": "支承本体 Bh00/①腐食(小小)-b/2径間", "measurement": null, "damage_size": null, "classification": null, "pattern": null, "infra": 1, "article": 1, "table": 11}}, {"model": "infra.fullreportdata", "pk": 10113, "fields": {"parts_name": "支承本体 Bh0101", "damage_name": "⑤防食機能の劣化(分類1)-e", "parts_split": "支承本体 Bh00", "four_numbers": "0101", "join": "支承本体 Bh0101 : ①腐食(小小)-b/⑤防食機能の劣化(分類1)-e/㉓変形・欠損-c, 沓座モルタル Bm0101 : ⑦剥離・鉄筋露出-c", "picture_number": "31", "this_time_picture": "infra/img\\9月7日　佐藤　地上\\P9070504.JPG", "last_time_picture": null, "textarea_content": "支承本体に腐食,変形・欠損が見られる。また沓座モルタルにコンクリートの剥離が見られる。 \n【関連損傷】\n支承本体 Bh0101:㉓変形・欠損-c, 沓座モルタル Bm0101:⑦剥離・鉄筋露出-c", "damage_coordinate_x": "589100.6408404222", "damage_coordinate_y": "223935.3885015437", "picture_coordinate_x": "591543.5416080136", "picture_coordinate_y": "223659.8990548863", "span_number": "2径間", "special_links": "支承本体 Bh00/⑤防食機能の劣化(分類1)-e/2径間", "measurement": null, "damage_size": null, "classification": null, "pattern": null, "infra": 1, "article": 1, "table": 11}}, {"model": "infra.fullreportdata", "pk": 10114, "fields": {"parts_name": "支承本体 Bh0101", "damage_name": "㉓変形・欠損-c", "parts_split": "支承本体 Bh00", "four_numbers": "0101", "join": "支承本体 Bh0101 : ①腐食(小小)-b/⑤防食機能の劣化(分類1)-e/㉓変形・欠損-c, 沓座モルタル Bm0101 : ⑦剥離・鉄筋露出-c", "picture_number": "32", "this_time_picture": "infra/img\\9月7日　佐藤　地上\\P9070504.JPG", "last_time_picture": null, "textarea_content": "支承本体に腐食,変形・欠損が見られる。また沓座モルタルにコンクリートの剥離が見られる。 \n【関連損傷】\n支承本体 Bh0101:㉓変形・欠損-c, 沓座モルタル Bm0101:⑦剥離・鉄筋露出-c", "damage_coordinate_x": "589100.6408404222", "damage_coordinate_y": "223935.3885015437", "picture_coordinate_x": "591543.5416080136", "picture_coordinate_y": "223659.8990548863", "span_number": "2径間", "special_links": "支承本体 Bh00/㉓変形・欠損-c/2径間", "measurement": null, "damage_size": null, "classification": null, "pattern": null, "infra": 1, "article": 1, "table": 11}}, {"model": "infra.fullreportdata", "pk": 10115, "fields": {"parts_name": "沓座モルタル Bm0101", "damage_name": "⑦剥離・鉄筋露出-c", "parts_split": "沓座モルタル Bm00", "four_numbers": "0101", "join": "支承本体 Bh0101 : ①腐食(小小)-b/⑤防食機能の劣化(分類1)-e/㉓変形・欠損-c, 沓座モルタル Bm0101 : ⑦剥離・鉄筋露出-c", "picture_number": "33", "this_time_picture": "infra/img\\9月7日　佐藤　地上\\P9070504.JPG", "last_time_picture": null, "textarea_content": "支承本体に腐食,変形・欠損が見られる。また沓座モルタルにコンクリートの剥離が見られる。 \n【関連損傷】\n支承本体 Bh0101:㉓変形・欠損-c, 沓座モルタル Bm0101:⑦剥離・鉄筋露出-c", "damage_coordinate_x": "589100.6408404222", "damage_coordinate_y": "223935.3885015437", "picture_coordinate_x": "591543.5416080136", "picture_coordinate_y": "223659.8990548863", "span_number": "2径間", "special_links": "沓座モルタル Bm00/⑦剥離・鉄筋露出-c/2径間", "measurement": null, "damage_size": null, "classification": null, "pattern": null, "infra": 1, "article": 1, "table": 11}}, {"model": "infra.fullreportdata", "pk": 10116, "fields": {"parts_name": "防護柵 Gf0101", "damage_name": "⑦剥離・鉄筋露出-c", "parts_split": "防護柵 Gf00", "four_numbers": "0101", "join": "防護柵 Gf0101 : ⑦剥離・鉄筋露出-c", "picture_number": "34", "this_time_picture": "infra/img\\9月7日　佐藤　地上\\P9070591.JPG", "last_time_picture": null, "textarea_content": "防護柵にコンクリートの剥離が見られる。", "damage_coordinate_x": "586290.5351249668", "damage_coordinate_y": "228868.5013850681", "picture_coordinate_x": "586620.7952826327", "picture_coordinate_y": "228516.7615150949", "span_number": "2径間", "special_links": "防護柵 Gf00/⑦剥離・鉄筋露出-c/2径間", "measurement": null, "damage_size": null, "classification": null, "pattern": null, "infra": 1, "article": 1, "table": 11}}, {"model": "infra.fullreportdata", "pk": 10117, "fields": {"parts_name": "防護柵 Gf0101", "damage_name": "⑦剥離・鉄筋露出-d", "parts_split": "防護柵 Gf00", "four_numbers": "0101", "join": "防護柵 Gf0101 : ⑦剥離・鉄筋露出-d", "picture_number": "35", "this_time_picture": "infra/img\\9月7日　佐藤　地上\\P9070587.JPG", "last_time_picture": null, "textarea_content": "防護柵に鉄筋露出が見られる。", "damage_coordinate_x": "588436.0254916901", "damage_coordinate_y": "227503.8976152274", "picture_coordinate_x": "589243.0579465146", "picture_coordinate_y": "227183.5999853493", "span_number": "2径間", "special_links": "防護柵 Gf00/⑦剥離・鉄筋露出-d/2径間", "measurement": null, "damage_size": null, "classification": null, "pattern": null, "infra": 1, "article": 1, "table": 11}}, {"model": "infra.fullreportdata", "pk": 10118, "fields": {"parts_name": "防護柵 Gf0101", "damage_name": "⑦剥離・鉄筋露出-d", "parts_split": "防護柵 Gf00", "four_numbers": "0101", "join": "防護柵 Gf0101 : ⑦剥離・鉄筋露出-d", "picture_number": "36", "this_time_picture": "infra/img\\9月7日　佐藤　地上\\P9070620.JPG", "last_time_picture": null, "textarea_content": "防護柵に鉄筋露出が見られる。", "damage_coordinate_x": "580868.40803931", "damage_coordinate_y": "228868.5013850681", "picture_coordinate_x": "581356.9846939672", "picture_coordinate_y": "228553.6834979908", "span_number": "2径間", "special_links": "防護柵 Gf00/⑦剥離・鉄筋露出-d/2径間", "measurement": null, "damage_size": null, "classification": null, "pattern": null, "infra": 1, "article": 1, "table": 11}}, {"model": "infra.fullreportdata", "pk": 10119, "fields": {"parts_name": "防護柵 Gf0201", "damage_name": "⑦剥離・鉄筋露出-c", "parts_split": "防護柵 Gf00", "four_numbers": "0201", "join": "防護柵 Gf0201 : ⑦剥離・鉄筋露出-c", "picture_number": "37", "this_time_picture": "infra/img\\9月7日　佐藤　地上\\P9070637.JPG", "last_time_picture": null, "textarea_content": "防護柵にコンクリートの剥離が見られる。", "damage_coordinate_x": "570592.6628878897", "damage_coordinate_y": "217381.6059456724", "picture_coordinate_x": "570867.9756552395", "picture_coordinate_y": "217021.3087358776", "span_number": "2径間", "special_links": "防護柵 Gf00/⑦剥離・鉄筋露出-c/2径間", "measurement": null, "damage_size": null, "classification": null, "pattern": null, "infra": 1, "article": 1, "table": 11}}, {"model": "infra.fullreportdata", "pk": 10120, "fields": {"parts_name": "舗装 Pm0101", "damage_name": "⑮舗装の異常-e", "parts_split": "舗装 Pm00", "four_numbers": "0101", "join": "舗装 Pm0101 : ⑮舗装の異常-e, 舗装 Pm0201 : ⑮舗装の異常-e", "picture_number": "38", "this_time_picture": "infra/img\\9月7日　佐藤　地上\\P9070616.JPG", "last_time_picture": null, "textarea_content": "舗装に最大幅0.0mmのひびわれ・舗装の土砂化が見られる。 \n【関連損傷】\n舗装 Pm0201:⑮舗装の異常-e", "damage_coordinate_x": "572250.0565505428", "damage_coordinate_y": "225164.7673630748", "picture_coordinate_x": "572498.4275586281", "picture_coordinate_y": "224839.1406174743", "span_number": "2径間", "special_links": "舗装 Pm00/⑮舗装の異常-e/2径間", "measurement": null, "damage_size": null, "classification": null, "pattern": null, "infra": 1, "article": 1, "table": 11}}, {"model": "infra.fullreportdata", "pk": 10121, "fields": {"parts_name": "舗装 Pm0201", "damage_name": "⑮舗装の異常-e", "parts_split": "舗装 Pm00", "four_numbers": "0201", "join": "舗装 Pm0101 : ⑮舗装の異常-e, 舗装 Pm0201 : ⑮舗装の異常-e", "picture_number": "39", "this_time_picture": "infra/img\\9月7日　佐藤　地上\\P9070616.JPG", "last_time_picture": null, "textarea_content": "舗装に最大幅0.0mmのひびわれ・舗装の土砂化が見られる。 \n【関連損傷】\n舗装 Pm0201:⑮舗装の異常-e", "damage_coordinate_x": "572250.0565505428", "damage_coordinate_y": "225164.7673630748", "picture_coordinate_x": "572498.4275586281", "picture_coordinate_y": "224839.1406174743", "span_number": "2径間", "special_links": "舗装 Pm00/⑮舗装の異常-e/2径間", "measurement": null, "damage_size": null, "classification": null, "pattern": null, "infra": 1, "article": 1, "table": 11}}, {"model": "infra.fullreportdata", "pk": 10122, "fields": {"parts_name": "舗装 Pm0101", "damage_name": "㉔土砂詰まり-e", "parts_split": "舗装 Pm00", "four_numbers": "0101", "join": "舗装 Pm0101 : ㉔土砂詰まり-e", "picture_number": "40", "this_time_picture": "infra/img\\9月7日　佐藤　地上\\P9070596.JPG", "last_time_picture": null, "textarea_content": "舗装に土砂詰まりが見られる。", "damage_coordinate_x": "575402.4944797053", "damage_coordinate_y": "227503.8976152274", "picture_coordinate_x": "575753.9706752877", "picture_coordinate_y": "227192.7034569031", "span_number": "2径間", "special_links": "舗装 Pm00/㉔土砂詰まり-e/2径間", "measurement": null, "damage_size": null, "classification": null, "pattern": null, "infra": 1, "article": 1, "table": 11}}, {"model": "infra.fullreportdata", "pk": 10123, "fields": {"parts_name": "舗装 Pm0201", "damage_name": "⑮舗装の異常-e", "parts_split": "舗装 Pm00", "four_numbers": "0201", "join": "舗装 Pm0201 : ⑮舗装の異常-e", "picture_number": "41", "this_time_picture": "infra/img\\9月7日　佐藤　地上\\P9070646.JPG", "last_time_picture": null, "textarea_content": "舗装に最大幅0.0mmのひびわれ・舗装の土砂化が見られる。", "damage_coordinate_x": "582189.0897682084", "damage_coordinate_y": "217381.6059456724", "picture_coordinate_x": "584263.8022292338", "picture_coordinate_y": "217411.4174302613", "span_number": "2径間", "special_links": "舗装 Pm00/⑮舗装の異常-e/2径間", "measurement": null, "damage_size": null, "classification": null, "pattern": null, "infra": 1, "article": 1, "table": 11}}, {"model": "infra.fullreportdata", "pk": 10124, "fields": {"parts_name": "舗装 Pm0201", "damage_name": "⑮舗装の異常-e", "parts_split": "舗装 Pm00", "four_numbers": "0201", "join": "舗装 Pm0201 : ⑮舗装の異常-e", "picture_number": "42", "this_time_picture": "infra/img\\9月7日　濵田　地上\\P9070259.JPG", "last_time_picture": null, "textarea_content": "舗装に最大幅0.0mmのひびわれ・舗装の土砂化が見られる。", "damage_coordinate_x": "587153.7399810399", "damage_coordinate_y": "220531.0756502239", "picture_coordinate_x": "589176.0496139133", "picture_coordinate_y": "220550.7776329561", "span_number": "2径間", "special_links": "舗装 Pm00/⑮舗装の異常-e/2径間", "measurement": null, "damage_size": null, "classification": null, "pattern": null, "infra": 1, "article": 1, "table": 11}}, {"model": "infra.fullreportdata", "pk": 10125, "fields": {"parts_name": "舗装 Pm0201", "damage_name": "㉔土砂詰まり-e", "parts_split": "舗装 Pm00", "four_numbers": "0201", "join": "舗装 Pm0201 : ㉔土砂詰まり-e", "picture_number": "43", "this_time_picture": "infra/img\\9月7日　佐藤　地上\\P9070646.JPG", "last_time_picture": null, "textarea_content": "舗装に土砂詰まりが見られる。", "damage_coordinate_x": "570834.5220314489", "damage_coordinate_y": "220531.0756502239", "picture_coordinate_x": "570941.6020477653", "picture_coordinate_y": "220167.6558934028", "span_number": "2径間", "special_links": "舗装 Pm00/㉔土砂詰まり-e/2径間", "measurement": null, "damage_size": null, "classification": null, "pattern": null, "infra": 1, "article": 1, "table": 11}}, {"model": "infra.fullreportdata", "pk": 10126, "fields": {"parts_name": "排水ます Dr0101", "damage_name": "⑰その他(分類6:埋没)-e", "parts_split": "排水ます Dr00", "four_numbers": "0101", "join": "排水ます Dr0101 : ⑰その他(分類6:埋没)-e", "picture_number": "44", "this_time_picture": "infra/img\\9月7日　佐藤　地上\\P9070617.JPG", "last_time_picture": null, "textarea_content": "排水ますに埋没が見られる。", "damage_coordinate_x": "575294.2054744803", "damage_coordinate_y": "228868.5013850681", "picture_coordinate_x": "577317.3056221061", "picture_coordinate_y": "228837.0789344727", "span_number": "2径間", "special_links": "排水ます Dr00/⑰その他(分類6:埋没)-e/2径間", "measurement": null, "damage_size": null, "classification": null, "pattern": null, "infra": 1, "article": 1, "table": 11}}, {"model": "infra.fullreportdata", "pk": 10127, "fields": {"parts_name": "排水ます Dr0102", "damage_name": "⑰その他(分類6:埋没)-e", "parts_split": "排水ます Dr00", "four_numbers": "0102", "join": "排水ます Dr0102 : ⑰その他(分類6:埋没)-e, 排水ます Dr0201 : ⑰その他(分類6:埋没)-e, 排水ます Dr0202 : ⑰その他(分類6:埋没)-e", "picture_number": "", "this_time_picture": null, "last_time_picture": null, "textarea_content": "排水ますに埋没が見られる。 \n【関連損傷】\n排水ます Dr0201,排水ます Dr0202:⑰その他(分類6:埋没)-e", "damage_coordinate_x": "567053.8397272679", "damage_coordinate_y": "215977.5780402338", "picture_coordinate_x": null, "picture_coordinate_y": null, "span_number": "2径間", "special_links": "排水ます Dr00/⑰その他(分類6:埋没)-e/2径間", "measurement": null, "damage_size": null, "classification": null, "pattern": null, "infra": 1, "article": 1, "table": 11}}, {"model": "infra.fullreportdata", "pk": 10128, "fields": {"parts_name": "排水ます Dr0201", "damage_name": "⑰その他(分類6:埋没)-e", "parts_split": "排水ます Dr00", "four_numbers": "0201", "join": "排水ます Dr0102 : ⑰その他(分類6:埋没)-e, 排水ます Dr0201 : ⑰その他(分類6:埋没)-e, 排水ます Dr0202 : ⑰その他(分類6:埋没)-e", "picture_number": "", "this_time_picture": null, "last_time_picture": null, "textarea_content": "排水ますに埋没が見られる。 \n【関連損傷】\n排水ます Dr0201,排水ます Dr0202:⑰その他(分類6:埋没)-e", "damage_coordinate_x": "567053.8397272679", "damage_coordinate_y": "215977.5780402338", "picture_coordinate_x": null, "picture_coordinate_y": null, "span_number": "2径間", "special_links": "排水ます Dr00/⑰その他(分類6:埋没)-e/2径間", "measurement": null, "damage_size": null, "classification": null, "pattern": null, "infra": 1, "article": 1, "table": 11}}, {"model": "infra.fullreportdata", "pk": 10129, "fields": {"parts_name": "排水ます Dr0202", "damage_name": "⑰その他(分類6:埋没)-e", "parts_split": "排水ます Dr00", "four_numbers": "0202", "join": "排水ます Dr0102 : ⑰その他(分類6:埋没)-e, 排水ます Dr0201 : ⑰その他(分類6:埋没)-e, 排水ます Dr0202 : ⑰その他(分類6:埋没)-e", "picture_number": "", "this_time_picture": null, "last_time_picture": null, "textarea_content": "排水ますに埋没が見られる。 \n【関連損傷】\n排水ます Dr0201,排水ます Dr0202:⑰その他(分類6:埋没)-e", "damage_coordinate_x": "567053.8397272679", "damage_coordinate_y": "215977.5780402338", "picture_coordinate_x": null, "picture_coordinate_y": null, "span_number": "2径間", "special_links": "排水ます Dr00/⑰その他(分類6:埋没)-e/2径間", "measurement": null, "damage_size": null, "classification": null, "pattern": null, "infra": 1, "article": 1, "table": 11}}, {"model": "infra.fullreportdata", "pk": 10130, "fields": {"parts_name": "主桁 Mg0101", "damage_name": "⑦剥離・鉄筋露出-d", "parts_split": "主桁 Mg01", "four_numbers": "0101", "join": "主桁 Mg0101 : ⑦剥離・鉄筋露出-d, 主桁 Mg0102 : ⑦剥離・鉄筋露出-d, 主桁 Mg0103 : ⑦剥離・鉄筋露出-d, 主桁 Mg0104 : ⑦剥離・鉄筋露出-d, 主桁 Mg0201 : ⑦剥離・鉄筋露出-d, 主桁 Mg0202 : ⑦剥離・鉄筋露出-d, 主桁 Mg0203 : ⑦剥離・鉄筋露出-d, 主桁 Mg0204 : ⑦剥離・鉄筋露出-d, 主桁 Mg0302 : ⑦剥離・鉄筋露出-d, 主桁 Mg0304 : ⑦剥離・鉄筋露出-d, 主桁 Mg0401 : ⑦剥離・鉄筋露出-d, 主桁 Mg0402 : ⑦剥離・鉄筋露出-d, 主桁 Mg0403 : ⑦剥離・鉄筋露出-d", "picture_number": "", "this_time_picture": null, "last_time_picture": null, "textarea_content": "主桁に鉄筋露出が見られる。 \n【関連損傷】\n主桁 Mg0302,主桁 Mg0304,主桁 Mg0401～0403:⑦剥離・鉄筋露出-d", "damage_coordinate_x": "525003.839727268", "damage_coordinate_y": "213095.7270112425", "picture_coordinate_x": null, "picture_coordinate_y": null, "span_number": "1径間", "special_links": "主桁 Mg01/⑦剥離・鉄筋露出-d/1径間", "measurement": null, "damage_size": null, "classification": null, "pattern": null, "infra": 8, "article": 2, "table": 13}}, {"model": "infra.fullreportdata", "pk": 10131, "fields": {"parts_name": "主桁 Mg0102", "damage_name": "⑦剥離・鉄筋露出-d", "parts_split": "主桁 Mg01", "four_numbers": "0102", "join": "主桁 Mg0101 : ⑦剥離・鉄筋露出-d, 主桁 Mg0102 : ⑦剥離・鉄筋露出-d, 主桁 Mg0103 : ⑦剥離・鉄筋露出-d, 主桁 Mg0104 : ⑦剥離・鉄筋露出-d, 主桁 Mg0201 : ⑦剥離・鉄筋露出-d, 主桁 Mg0202 : ⑦剥離・鉄筋露出-d, 主桁 Mg0203 : ⑦剥離・鉄筋露出-d, 主桁 Mg0204 : ⑦剥離・鉄筋露出-d, 主桁 Mg0302 : ⑦剥離・鉄筋露出-d, 主桁 Mg0304 : ⑦剥離・鉄筋露出-d, 主桁 Mg0401 : ⑦剥離・鉄筋露出-d, 主桁 Mg0402 : ⑦剥離・鉄筋露出-d, 主桁 Mg0403 : ⑦剥離・鉄筋露出-d", "picture_number": "", "this_time_picture": null, "last_time_picture": null, "textarea_content": "主桁に鉄筋露出が見られる。 \n【関連損傷】\n主桁 Mg0302,主桁 Mg0304,主桁 Mg0401～0403:⑦剥離・鉄筋露出-d", "damage_coordinate_x": "525003.839727268", "damage_coordinate_y": "213095.7270112425", "picture_coordinate_x": null, "picture_coordinate_y": null, "span_number": "1径間", "special_links": "主桁 Mg01/⑦剥離・鉄筋露出-d/1径間", "measurement": null, "damage_size": null, "classification": null, "pattern": null, "infra": 8, "article": 2, "table": 13}}, {"model": "infra.fullreportdata", "pk": 10132, "fields": {"parts_name": "主桁 Mg0103", "damage_name": "⑦剥離・鉄筋露出-d", "parts_split": "主桁 Mg01", "four_numbers": "0103", "join": "主桁 Mg0101 : ⑦剥離・鉄筋露出-d, 主桁 Mg0102 : ⑦剥離・鉄筋露出-d, 主桁 Mg0103 : ⑦剥離・鉄筋露出-d, 主桁 Mg0104 : ⑦剥離・鉄筋露出-d, 主桁 Mg0201 : ⑦剥離・鉄筋露出-d, 主桁 Mg0202 : ⑦剥離・鉄筋露出-d, 主桁 Mg0203 : ⑦剥離・鉄筋露出-d, 主桁 Mg0204 : ⑦剥離・鉄筋露出-d, 主桁 Mg0302 : ⑦剥離・鉄筋露出-d, 主桁 Mg0304 : ⑦剥離・鉄筋露出-d, 主桁 Mg0401 : ⑦剥離・鉄筋露出-d, 主桁 Mg0402 : ⑦剥離・鉄筋露出-d, 主桁 Mg0403 : ⑦剥離・鉄筋露出-d", "picture_number": "", "this_time_picture": null, "last_time_picture": null, "textarea_content": "主桁に鉄筋露出が見られる。 \n【関連損傷】\n主桁 Mg0302,主桁 Mg0304,主桁 Mg0401～0403:⑦剥離・鉄筋露出-d", "damage_coordinate_x": "525003.839727268", "damage_coordinate_y": "213095.7270112425", "picture_coordinate_x": null, "picture_coordinate_y": null, "span_number": "1径間", "special_links": "主桁 Mg01/⑦剥離・鉄筋露出-d/1径間", "measurement": null, "damage_size": null, "classification": null, "pattern": null, "infra": 8, "article": 2, "table": 13}}, {"model": "infra.fullreportdata", "pk": 10133, "fields": {"parts_name": "主桁 Mg0104", "damage_name": "⑦剥離・鉄筋露出-d", "parts_split": "主桁 Mg01", "four_numbers": "0104", "join": "主桁 Mg0101 : ⑦剥離・鉄筋露出-d, 主桁 Mg0102 : ⑦剥離・鉄筋露出-d, 主桁 Mg0103 : ⑦剥離・鉄筋露出-d, 主桁 Mg0104 : ⑦剥離・鉄筋露出-d, 主桁 Mg0201 : ⑦剥離・鉄筋露出-d, 主桁 Mg0202 : ⑦剥離・鉄筋露出-d, 主桁 Mg0203 : ⑦剥離・鉄筋露出-d, 主桁 Mg0204 : ⑦剥離・鉄筋露出-d, 主桁 Mg0302 : ⑦剥離・鉄筋露出-d, 主桁 Mg0304 : ⑦剥離・鉄筋露出-d, 主桁 Mg0401 : ⑦剥離・鉄筋露出-d, 主桁 Mg0402 : ⑦剥離・鉄筋露出-d, 主桁 Mg0403 : ⑦剥離・鉄筋露出-d", "picture_number": "", "this_time_picture": null, "last_time_picture": null, "textarea_content": "主桁に鉄筋露出が見られる。 \n【関連損傷】\n主桁 Mg0302,主桁 Mg0304,主桁 Mg0401～0403:⑦剥離・鉄筋露出-d", "damage_coordinate_x": "525003.839727268", "damage_coordinate_y": "213095.7270112425", "picture_coordinate_x": null, "picture_coordinate_y": null, "span_number": "1径間", "special_links": "主桁 Mg01/⑦剥離・鉄筋露出-d/1径間", "measurement": null, "damage_size": null, "classification": null, "pattern": null, "infra": 8, "article": 2, "table": 13}}, {"model": "infra.fullreportdata", "pk": 10134, "fields": {"parts_name": "主桁 Mg0201", "damage_name": "⑦剥離・鉄筋露出-d", "parts_split": "主桁 Mg02", "four_numbers": "0201", "join": "主桁 Mg0101 : ⑦剥離・鉄筋露出-d, 主桁 Mg0102 : ⑦剥離・鉄筋露出-d, 主桁 Mg0103 : ⑦剥離・鉄筋露出-d, 主桁 Mg0104 : ⑦剥離・鉄筋露出-d, 主桁 Mg0201 : ⑦剥離・鉄筋露出-d, 主桁 Mg0202 : ⑦剥離・鉄筋露出-d, 主桁 Mg0203 : ⑦剥離・鉄筋露出-d, 主桁 Mg0204 : ⑦剥離・鉄筋露出-d, 主桁 Mg0302 : ⑦剥離・鉄筋露出-d, 主桁 Mg0304 : ⑦剥離・鉄筋露出-d, 主桁 Mg0401 : ⑦剥離・鉄筋露出-d, 主桁 Mg0402 : ⑦剥離・鉄筋露出-d, 主桁 Mg0403 : ⑦剥離・鉄筋露出-d", "picture_number": "", "this_time_picture": null, "last_time_picture": null, "textarea_content": "主桁に鉄筋露出が見られる。 \n【関連損傷】\n主桁 Mg0302,主桁 Mg0304,主桁 Mg0401～0403:⑦剥離・鉄筋露出-d", "damage_coordinate_x": "525003.839727268", "damage_coordinate_y": "213095.7270112425", "picture_coordinate_x": null, "picture_coordinate_y": null, "span_number": "1径間", "special_links": "主桁 Mg02/⑦剥離・鉄筋露出-d/1径間", "measurement": null, "damage_size": null, "classification": null, "pattern": null, "infra": 8, "article": 2, "table": 13}}, {"model": "infra.fullreportdata", "pk": 10135, "fields": {"parts_name": "主桁 Mg0202", "damage_name": "⑦剥離・鉄筋露出-d", "parts_split": "主桁 Mg02", "four_numbers": "0202", "join": "主桁 Mg0101 : ⑦剥離・鉄筋露出-d, 主桁 Mg0102 : ⑦剥離・鉄筋露出-d, 主桁 Mg0103 : ⑦剥離・鉄筋露出-d, 主桁 Mg0104 : ⑦剥離・鉄筋露出-d, 主桁 Mg0201 : ⑦剥離・鉄筋露出-d, 主桁 Mg0202 : ⑦剥離・鉄筋露出-d, 主桁 Mg0203 : ⑦剥離・鉄筋露出-d, 主桁 Mg0204 : ⑦剥離・鉄筋露出-d, 主桁 Mg0302 : ⑦剥離・鉄筋露出-d, 主桁 Mg0304 : ⑦剥離・鉄筋露出-d, 主桁 Mg0401 : ⑦剥離・鉄筋露出-d, 主桁 Mg0402 : ⑦剥離・鉄筋露出-d, 主桁 Mg0403 : ⑦剥離・鉄筋露出-d", "picture_number": "", "this_time_picture": null, "last_time_picture": null, "textarea_content": "主桁に鉄筋露出が見られる。 \n【関連損傷】\n主桁 Mg0302,主桁 Mg0304,主桁 Mg0401～0403:⑦剥離・鉄筋露出-d", "damage_coordinate_x": "525003.839727268", "damage_coordinate_y": "213095.7270112425", "picture_coordinate_x": null, "picture_coordinate_y": null, "span_number": "1径間", "special_links": "主桁 Mg02/⑦剥離・鉄筋露出-d/1径間", "measurement": null, "damage_size": null, "classification": null, "pattern": null, "infra": 8, "article": 2, "table": 13}}, {"model": "infra.fullreportdata", "pk": 10136, "fields": {"parts_name": "主桁 Mg0203", "damage_name": "⑦剥離・鉄筋露出-d", "parts_split": "主桁 Mg02", "four_numbers": "0203", "join": "主桁 Mg0101 : ⑦剥離・鉄筋露出-d, 主桁 Mg0102 : ⑦剥離・鉄筋露出-d, 主桁 Mg0103 : ⑦剥離・鉄筋露出-d, 主桁 Mg0104 : ⑦剥離・鉄筋露出-d, 主桁 Mg0201 : ⑦剥離・鉄筋露出-d, 主桁 Mg0202 : ⑦剥離・鉄筋露出-d, 主桁 Mg0203 : ⑦剥離・鉄筋露出-d, 主桁 Mg0204 : ⑦剥離・鉄筋露出-d, 主桁 Mg0302 : ⑦剥離・鉄筋露出-d, 主桁 Mg0304 : ⑦剥離・鉄筋露出-d, 主桁 Mg0401 : ⑦剥離・鉄筋露出-d, 主桁 Mg0402 : ⑦剥離・鉄筋露出-d, 主桁 Mg0403 : ⑦剥離・鉄筋露出-d", "picture_number": "", "this_time_picture": null, "last_time_picture": null, "textarea_content": "主桁に鉄筋露出が見られる。 \n【関連損傷】\n主桁 Mg0302,主桁 Mg0304,主桁 Mg0401～0403:⑦剥離・鉄筋露出-d", "damage_coordinate_x": "525003.839727268", "damage_coordinate_y": "213095.7270112425", "picture_coordinate_x": null, "picture_coordinate_y": null, "span_number": "1径間", "special_links": "主桁 Mg02/⑦剥離・鉄筋露出-d/1径間", "measurement": null, "damage_size": null, "classification": null, "pattern": null, "infra": 8, "article": 2, "table": 13}}, {"model": "infra.fullreportdata", "pk": 10137, "fields": {"parts_name": "主桁 Mg0204", "damage_name": "⑦剥離・鉄筋露出-d", "parts_split": "主桁 Mg02", "four_numbers": "0204", "join": "主桁 Mg0101 : ⑦剥離・鉄筋露出-d, 主桁 Mg0102 : ⑦剥離・鉄筋露出-d, 主桁 Mg0103 : ⑦剥離・鉄筋露出-d, 主桁 Mg0104 : ⑦剥離・鉄筋露出-d, 主桁 Mg0201 : ⑦剥離・鉄筋露出-d, 主桁 Mg0202 : ⑦剥離・鉄筋露出-d, 主桁 Mg0203 : ⑦剥離・鉄筋露出-d, 主桁 Mg0204 : ⑦剥離・鉄筋露出-d, 主桁 Mg0302 : ⑦剥離・鉄筋露出-d, 主桁 Mg0304 : ⑦剥離・鉄筋露出-d, 主桁 Mg0401 : ⑦剥離・鉄筋露出-d, 主桁 Mg0402 : ⑦剥離・鉄筋露出-d, 主桁 Mg0403 : ⑦剥離・鉄筋露出-d", "picture_number": "", "this_time_picture": null, "last_time_picture": null, "textarea_content": "主桁に鉄筋露出が見られる。 \n【関連損傷】\n主桁 Mg0302,主桁 Mg0304,主桁 Mg0401～0403:⑦剥離・鉄筋露出-d", "damage_coordinate_x": "525003.839727268", "damage_coordinate_y": "213095.7270112425", "picture_coordinate_x": null, "picture_coordinate_y": null, "span_number": "1径間", "special_links": "主桁 Mg02/⑦剥離・鉄筋露出-d/1径間", "measurement": null, "damage_size": null, "classification": null, "pattern": null, "infra": 8, "article": 2, "table": 13}}, {"model": "infra.fullreportdata", "pk": 10138, "fields": {"parts_name": "主桁 Mg0302", "damage_name": "⑦剥離・鉄筋露出-d", "parts_split": "主桁 Mg03", "four_numbers": "0302", "join": "主桁 Mg0101 : ⑦剥離・鉄筋露出-d, 主桁 Mg0102 : ⑦剥離・鉄筋露出-d, 主桁 Mg0103 : ⑦剥離・鉄筋露出-d, 主桁 Mg0104 : ⑦剥離・鉄筋露出-d, 主桁 Mg0201 : ⑦剥離・鉄筋露出-d, 主桁 Mg0202 : ⑦剥離・鉄筋露出-d, 主桁 Mg0203 : ⑦剥離・鉄筋露出-d, 主桁 Mg0204 : ⑦剥離・鉄筋露出-d, 主桁 Mg0302 : ⑦剥離・鉄筋露出-d, 主桁 Mg0304 : ⑦剥離・鉄筋露出-d, 主桁 Mg0401 : ⑦剥離・鉄筋露出-d, 主桁 Mg0402 : ⑦剥離・鉄筋露出-d, 主桁 Mg0403 : ⑦剥離・鉄筋露出-d", "picture_number": "", "this_time_picture": null, "last_time_picture": null, "textarea_content": "主桁に鉄筋露出が見られる。 \n【関連損傷】\n主桁 Mg0302,主桁 Mg0304,主桁 Mg0401～0403:⑦剥離・鉄筋露出-d", "damage_coordinate_x": "525003.839727268", "damage_coordinate_y": "213095.7270112425", "picture_coordinate_x": null, "picture_coordinate_y": null, "span_number": "1径間", "special_links": "主桁 Mg03/⑦剥離・鉄筋露出-d/1径間", "measurement": null, "damage_size": null, "classification": null, "pattern": null, "infra": 8, "article": 2, "table": 13}}, {"model": "infra.fullreportdata", "pk": 10139, "fields": {"parts_name": "主桁 Mg0304", "damage_name": "⑦剥離・鉄筋露出-d", "parts_split": "主桁 Mg03", "four_numbers": "0304", "join": "主桁 Mg0101 : ⑦剥離・鉄筋露出-d, 主桁 Mg0102 : ⑦剥離・鉄筋露出-d, 主桁 Mg0103 : ⑦剥離・鉄筋露出-d, 主桁 Mg0104 : ⑦剥離・鉄筋露出-d, 主桁 Mg0201 : ⑦剥離・鉄筋露出-d, 主桁 Mg0202 : ⑦剥離・鉄筋露出-d, 主桁 Mg0203 : ⑦剥離・鉄筋露出-d, 主桁 Mg0204 : ⑦剥離・鉄筋露出-d, 主桁 Mg0302 : ⑦剥離・鉄筋露出-d, 主桁 Mg0304 : ⑦剥離・鉄筋露出-d, 主桁 Mg0401 : ⑦剥離・鉄筋露出-d, 主桁 Mg0402 : ⑦剥離・鉄筋露出-d, 主桁 Mg0403 : ⑦剥離・鉄筋露出-d", "picture_number": "", "this_time_picture": null, "last_time_picture": null, "textarea_content": "主桁に鉄筋露出が見られる。 \n【関連損傷】\n主桁 Mg0302,主桁 Mg0304,主桁 Mg0401～0403:⑦剥離・鉄筋露出-d", "damage_coordinate_x": "525003.839727268", "damage_coordinate_y": "213095.7270112425", "picture_coordinate_x": null, "picture_coordinate_y": null, "span_number": "1径間", "special_links": "主桁 Mg03/⑦剥離・鉄筋露出-d/1径間", "measurement": null, "damage_size": null, "classification": null, "pattern": null, "infra": 8, "article": 2, "table": 13}}, {"model": "infra.fullreportdata", "pk": 10140, "fields": {"parts_name": "主桁 Mg0401", "damage_name": "⑦剥離・鉄筋露出-d", "parts_split": "主桁 Mg04", "four_numbers": "0401", "join": "主桁 Mg0101 : ⑦剥離・鉄筋露出-d, 主桁 Mg0102 : ⑦剥離・鉄筋露出-d, 主桁 Mg0103 : ⑦剥離・鉄筋露出-d, 主桁 Mg0104 : ⑦剥離・鉄筋露出-d, 主桁 Mg0201 : ⑦剥離・鉄筋露出-d, 主桁 Mg0202 : ⑦剥離・鉄筋露出-d, 主桁 Mg0203 : ⑦剥離・鉄筋露出-d, 主桁 Mg0204 : ⑦剥離・鉄筋露出-d, 主桁 Mg0302 : ⑦剥離・鉄筋露出-d, 主桁 Mg0304 : ⑦剥離・鉄筋露出-d, 主桁 Mg0401 : ⑦剥離・鉄筋露出-d, 主桁 Mg0402 : ⑦剥離・鉄筋露出-d, 主桁 Mg0403 : ⑦剥離・鉄筋露出-d", "picture_number": "", "this_time_picture": null, "last_time_picture": null, "textarea_content": "主桁に鉄筋露出が見られる。 \n【関連損傷】\n主桁 Mg0302,主桁 Mg0304,主桁 Mg0401～0403:⑦剥離・鉄筋露出-d", "damage_coordinate_x": "525003.839727268", "damage_coordinate_y": "213095.7270112425", "picture_coordinate_x": null, "picture_coordinate_y": null, "span_number": "1径間", "special_links": "主桁 Mg04/⑦剥離・鉄筋露出-d/1径間", "measurement": null, "damage_size": null, "classification": null, "pattern": null, "infra": 8, "article": 2, "table": 13}}, {"model": "infra.fullreportdata", "pk": 10141, "fields": {"parts_name": "主桁 Mg0402", "damage_name": "⑦剥離・鉄筋露出-d", "parts_split": "主桁 Mg04", "four_numbers": "0402", "join": "主桁 Mg0101 : ⑦剥離・鉄筋露出-d, 主桁 Mg0102 : ⑦剥離・鉄筋露出-d, 主桁 Mg0103 : ⑦剥離・鉄筋露出-d, 主桁 Mg0104 : ⑦剥離・鉄筋露出-d, 主桁 Mg0201 : ⑦剥離・鉄筋露出-d, 主桁 Mg0202 : ⑦剥離・鉄筋露出-d, 主桁 Mg0203 : ⑦剥離・鉄筋露出-d, 主桁 Mg0204 : ⑦剥離・鉄筋露出-d, 主桁 Mg0302 : ⑦剥離・鉄筋露出-d, 主桁 Mg0304 : ⑦剥離・鉄筋露出-d, 主桁 Mg0401 : ⑦剥離・鉄筋露出-d, 主桁 Mg0402 : ⑦剥離・鉄筋露出-d, 主桁 Mg0403 : ⑦剥離・鉄筋露出-d", "picture_number": "", "this_time_picture": null, "last_time_picture": null, "textarea_content": "主桁に鉄筋露出が見られる。 \n【関連損傷】\n主桁 Mg0302,主桁 Mg0304,主桁 Mg0401～0403:⑦剥離・鉄筋露出-d", "damage_coordinate_x": "525003.839727268", "damage_coordinate_y": "213095.7270112425", "picture_coordinate_x": null, "picture_coordinate_y": null, "span_number": "1径間", "special_links": "主桁 Mg04/⑦剥離・鉄筋露出-d/1径間", "measurement": null, "damage_size": null, "classification": null, "pattern": null, "infra": 8, "article": 2, "table": 13}}, {"model": "infra.fullreportdata", "pk": 10142, "fields": {"parts_name": "主桁 Mg0403", "damage_name": "⑦剥離・鉄筋露出-d", "parts_split": "主桁 Mg04", "four_numbers": "0403", "join": "主桁 Mg0101 : ⑦剥離・鉄筋露出-d, 主桁 Mg0102 : ⑦剥離・鉄筋露出-d, 主桁 Mg0103 : ⑦剥離・鉄筋露出-d, 主桁 Mg0104 : ⑦剥離・鉄筋露出-d, 主桁 Mg0201 : ⑦剥離・鉄筋露出-d, 主桁 Mg0202 : ⑦剥離・鉄筋露出-d, 主桁 Mg0203 : ⑦剥離・鉄筋露出-d, 主桁 Mg0204 : ⑦剥離・鉄筋露出-d, 主桁 Mg0302 : ⑦剥離・鉄筋露出-d, 主桁 Mg0304 : ⑦剥離・鉄筋露出-d, 主桁 Mg0401 : ⑦剥離・鉄筋露出-d, 主桁 Mg0402 : ⑦剥離・鉄筋露出-d, 主桁 Mg0403 : ⑦剥離・鉄筋露出-d", "picture_number": "", "this_time_picture": null, "last_time_picture": null, "textarea_content": "主桁に鉄筋露出が見られる。 \n【関連損傷】\n主桁 Mg0302,主桁 Mg0304,主桁 Mg0401～0403:⑦剥離・鉄筋露出-d", "damage_coordinate_x": "525003.839727268", "damage_coordinate_y": "213095.7270112425", "picture_coordinate_x": null, "picture_coordinate_y": null, "span_number": "1径間", "special_links": "主桁 Mg04/⑦剥離・鉄筋露出-d/1径間", "measurement": null, "damage_size": null, "classification": null, "pattern": null, "infra": 8, "article": 2, "table": 13}}, {"model": "infra.fullreportdata", "pk": 10143, "fields": {"parts_name": "主桁 Mg0901", "damage_name": "⑦剥離・鉄筋露出-c", "parts_split": "主桁 Mg09", "four_numbers": "0901", "join": "主桁 Mg0901 : ⑦剥離・鉄筋露出-c", "picture_number": "", "this_time_picture": null, "last_time_picture": null, "textarea_content": "主桁にコンクリートの剥離が見られる。", "damage_coordinate_x": "528508.2182060345", "damage_coordinate_y": "218366.5575399188", "picture_coordinate_x": "529225.1221130126", "picture_coordinate_y": "218048.3941777406", "span_number": "1径間", "special_links": "主桁 Mg09/⑦剥離・鉄筋露出-c/1径間", "measurement": null, "damage_size": null, "classification": null, "pattern": null, "infra": 8, "article": 2, "table": 13}}, {"model": "infra.fullreportdata", "pk": 10144, "fields": {"parts_name": "主桁 Mg0901", "damage_name": "⑰その他(分類6:異物混入)-e", "parts_split": "主桁 Mg09", "four_numbers": "0901", "join": "主桁 Mg0901 : ⑰その他(分類6:異物混入)-e", "picture_number": "", "this_time_picture": null, "last_time_picture": null, "textarea_content": "主桁に異物混入が見られる。", "damage_coordinate_x": "532240.3861927793", "damage_coordinate_y": "218366.5575399188", "picture_coordinate_x": "534192.8564975171", "picture_coordinate_y": "218396.3930096343", "span_number": "1径間", "special_links": "主桁 Mg09/⑰その他(分類6:異物混入)-e/1径間", "measurement": null, "damage_size": null, "classification": null, "pattern": null, "infra": 8, "article": 2, "table": 13}}, {"model": "infra.fullreportdata", "pk": 10145, "fields": {"parts_name": "横桁 Cr0101", "damage_name": "⑰その他(分類6:施工不良)-e", "parts_split": "横桁 Cr01", "four_numbers": "0101", "join": "横桁 Cr0101 : ⑰その他(分類6:施工不良)-e", "picture_number": "", "this_time_picture": null, "last_time_picture": null, "textarea_content": "横桁に施工不良が見られる。", "damage_coordinate_x": "529717.5478308655", "damage_coordinate_y": "226255.0784977268", "picture_coordinate_x": "530492.2250104588", "picture_coordinate_y": "225969.2279711204", "span_number": "1径間", "special_links": "横桁 Cr01/⑰その他(分類6:施工不良)-e/1径間", "measurement": null, "damage_size": null, "classification": null, "pattern": null, "infra": 8, "article": 2, "table": 13}}, {"model": "infra.fullreportdata", "pk": 10146, "fields": {"parts_name": "横桁 Cr0102", "damage_name": "⑰その他(分類6:施工不良)-e", "parts_split": "横桁 Cr02", "four_numbers": "0102", "join": "横桁 Cr0102 : ⑰その他(分類6:施工不良)-e/㉓変形・欠損-c", "picture_number": "", "this_time_picture": null, "last_time_picture": null, "textarea_content": "横桁に施工不良,変形・欠損が見られる。 \n【関連損傷】\n横桁 Cr0102:㉓変形・欠損-c", "damage_coordinate_x": "532578.7587482664", "damage_coordinate_y": "229268.8593029478", "picture_coordinate_x": "532985.6409545547", "picture_coordinate_y": "228954.2335446222", "span_number": "1径間", "special_links": "横桁 Cr02/⑰その他(分類6:施工不良)-e/1径間", "measurement": null, "damage_size": null, "classification": null, "pattern": null, "infra": 8, "article": 2, "table": 13}}, {"model": "infra.fullreportdata", "pk": 10147, "fields": {"parts_name": "横桁 Cr0102", "damage_name": "㉓変形・欠損-c", "parts_split": "横桁 Cr02", "four_numbers": "0102", "join": "横桁 Cr0102 : ⑰その他(分類6:施工不良)-e/㉓変形・欠損-c", "picture_number": "", "this_time_picture": null, "last_time_picture": null, "textarea_content": "横桁に施工不良,変形・欠損が見られる。 \n【関連損傷】\n横桁 Cr0102:㉓変形・欠損-c", "damage_coordinate_x": "532578.7587482664", "damage_coordinate_y": "229268.8593029478", "picture_coordinate_x": "532985.6409545547", "picture_coordinate_y": "228954.2335446222", "span_number": "1径間", "special_links": "横桁 Cr02/㉓変形・欠損-c/1径間", "measurement": null, "damage_size": null, "classification": null, "pattern": null, "infra": 8, "article": 2, "table": 13}}, {"model": "infra.fullreportdata", "pk": 10148, "fields": {"parts_name": "横桁 Cr0103", "damage_name": "⑦剥離・鉄筋露出-e", "parts_split": "横桁 Cr03", "four_numbers": "0103", "join": "横桁 Cr0103 : ⑦剥離・鉄筋露出-e/㉓変形・欠損-c", "picture_number": "", "this_time_picture": null, "last_time_picture": null, "textarea_content": "横桁に断面減少を伴う鉄筋露出,変形・欠損が見られる。 \n【関連損傷】\n横桁 Cr0103:㉓変形・欠損-c", "damage_coordinate_x": "543427.3505810621", "damage_coordinate_y": "229268.8593029478", "picture_coordinate_x": "543666.8474364146", "picture_coordinate_y": "228932.0443462149", "span_number": "1径間", "special_links": "横桁 Cr03/⑦剥離・鉄筋露出-e/1径間", "measurement": null, "damage_size": null, "classification": null, "pattern": null, "infra": 8, "article": 2, "table": 13}}, {"model": "infra.fullreportdata", "pk": 10149, "fields": {"parts_name": "横桁 Cr0103", "damage_name": "㉓変形・欠損-c", "parts_split": "横桁 Cr03", "four_numbers": "0103", "join": "横桁 Cr0103 : ⑦剥離・鉄筋露出-e/㉓変形・欠損-c", "picture_number": "", "this_time_picture": null, "last_time_picture": null, "textarea_content": "横桁に断面減少を伴う鉄筋露出,変形・欠損が見られる。 \n【関連損傷】\n横桁 Cr0103:㉓変形・欠損-c", "damage_coordinate_x": "543427.3505810621", "damage_coordinate_y": "229268.8593029478", "picture_coordinate_x": "543666.8474364146", "picture_coordinate_y": "228932.0443462149", "span_number": "1径間", "special_links": "横桁 Cr03/㉓変形・欠損-c/1径間", "measurement": null, "damage_size": null, "classification": null, "pattern": null, "infra": 8, "article": 2, "table": 13}}, {"model": "infra.fullreportdata", "pk": 10150, "fields": {"parts_name": "横桁 Cr0201", "damage_name": "⑦剥離・鉄筋露出-d", "parts_split": "横桁 Cr01", "four_numbers": "0201", "join": "横桁 Cr0201 : ⑦剥離・鉄筋露出-d, 横桁 Cr0301 : ⑦剥離・鉄筋露出-d, 横桁 Cr0402 : ⑦剥離・鉄筋露出-d, 横桁 Cr0403 : ⑦剥離・鉄筋露出-d, 横桁 Cr0602 : ⑦剥離・鉄筋露出-d, 横桁 Cr0604 : ⑦剥離・鉄筋露出-d, 横桁 Cr0704 : ⑦剥離・鉄筋露出-d", "picture_number": "", "this_time_picture": null, "last_time_picture": null, "textarea_content": "横桁に鉄筋露出が見られる。 \n【関連損傷】\n横桁 Cr0301,横桁 Cr0402,横桁 Cr0403,横桁 Cr0602,横桁 Cr0604,横桁 Cr0704:⑦剥離・鉄筋露出-d", "damage_coordinate_x": "525003.839727268", "damage_coordinate_y": "213095.7270112425", "picture_coordinate_x": null, "picture_coordinate_y": null, "span_number": "1径間", "special_links": "横桁 Cr01/⑦剥離・鉄筋露出-d/1径間", "measurement": null, "damage_size": null, "classification": null, "pattern": null, "infra": 8, "article": 2, "table": 13}}, {"model": "infra.fullreportdata", "pk": 10151, "fields": {"parts_name": "横桁 Cr0301", "damage_name": "⑦剥離・鉄筋露出-d", "parts_split": "横桁 Cr01", "four_numbers": "0301", "join": "横桁 Cr0201 : ⑦剥離・鉄筋露出-d, 横桁 Cr0301 : ⑦剥離・鉄筋露出-d, 横桁 Cr0402 : ⑦剥離・鉄筋露出-d, 横桁 Cr0403 : ⑦剥離・鉄筋露出-d, 横桁 Cr0602 : ⑦剥離・鉄筋露出-d, 横桁 Cr0604 : ⑦剥離・鉄筋露出-d, 横桁 Cr0704 : ⑦剥離・鉄筋露出-d", "picture_number": "", "this_time_picture": null, "last_time_picture": null, "textarea_content": "横桁に鉄筋露出が見られる。 \n【関連損傷】\n横桁 Cr0301,横桁 Cr0402,横桁 Cr0403,横桁 Cr0602,横桁 Cr0604,横桁 Cr0704:⑦剥離・鉄筋露出-d", "damage_coordinate_x": "525003.839727268", "damage_coordinate_y": "213095.7270112425", "picture_coordinate_x": null, "picture_coordinate_y": null, "span_number": "1径間", "special_links": "横桁 Cr01/⑦剥離・鉄筋露出-d/1径間", "measurement": null, "damage_size": null, "classification": null, "pattern": null, "infra": 8, "article": 2, "table": 13}}, {"model": "infra.fullreportdata", "pk": 10152, "fields": {"parts_name": "横桁 Cr0402", "damage_name": "⑦剥離・鉄筋露出-d", "parts_split": "横桁 Cr02", "four_numbers": "0402", "join": "横桁 Cr0201 : ⑦剥離・鉄筋露出-d, 横桁 Cr0301 : ⑦剥離・鉄筋露出-d, 横桁 Cr0402 : ⑦剥離・鉄筋露出-d, 横桁 Cr0403 : ⑦剥離・鉄筋露出-d, 横桁 Cr0602 : ⑦剥離・鉄筋露出-d, 横桁 Cr0604 : ⑦剥離・鉄筋露出-d, 横桁 Cr0704 : ⑦剥離・鉄筋露出-d", "picture_number": "", "this_time_picture": null, "last_time_picture": null, "textarea_content": "横桁に鉄筋露出が見られる。 \n【関連損傷】\n横桁 Cr0301,横桁 Cr0402,横桁 Cr0403,横桁 Cr0602,横桁 Cr0604,横桁 Cr0704:⑦剥離・鉄筋露出-d", "damage_coordinate_x": "525003.839727268", "damage_coordinate_y": "213095.7270112425", "picture_coordinate_x": null, "picture_coordinate_y": null, "span_number": "1径間", "special_links": "横桁 Cr02/⑦剥離・鉄筋露出-d/1径間", "measurement": null, "damage_size": null, "classification": null, "pattern": null, "infra": 8, "article": 2, "table": 13}}, {"model": "infra.fullreportdata", "pk": 10153, "fields": {"parts_name": "横桁 Cr0403", "damage_name": "⑦剥離・鉄筋露出-d", "parts_split": "横桁 Cr03", "four_numbers": "0403", "join": "横桁 Cr0201 : ⑦剥離・鉄筋露出-d, 横桁 Cr0301 : ⑦剥離・鉄筋露出-d, 横桁 Cr0402 : ⑦剥離・鉄筋露出-d, 横桁 Cr0403 : ⑦剥離・鉄筋露出-d, 横桁 Cr0602 : ⑦剥離・鉄筋露出-d, 横桁 Cr0604 : ⑦剥離・鉄筋露出-d, 横桁 Cr0704 : ⑦剥離・鉄筋露出-d", "picture_number": "", "this_time_picture": null, "last_time_picture": null, "textarea_content": "横桁に鉄筋露出が見られる。 \n【関連損傷】\n横桁 Cr0301,横桁 Cr0402,横桁 Cr0403,横桁 Cr0602,横桁 Cr0604,横桁 Cr0704:⑦剥離・鉄筋露出-d", "damage_coordinate_x": "525003.839727268", "damage_coordinate_y": "213095.7270112425", "picture_coordinate_x": null, "picture_coordinate_y": null, "span_number": "1径間", "special_links": "横桁 Cr03/⑦剥離・鉄筋露出-d/1径間", "measurement": null, "damage_size": null, "classification": null, "pattern": null, "infra": 8, "article": 2, "table": 13}}, {"model": "infra.fullreportdata", "pk": 10154, "fields": {"parts_name": "横桁 Cr0602", "damage_name": "⑦剥離・鉄筋露出-d", "parts_split": "横桁 Cr02", "four_numbers": "0602", "join": "横桁 Cr0201 : ⑦剥離・鉄筋露出-d, 横桁 Cr0301 : ⑦剥離・鉄筋露出-d, 横桁 Cr0402 : ⑦剥離・鉄筋露出-d, 横桁 Cr0403 : ⑦剥離・鉄筋露出-d, 横桁 Cr0602 : ⑦剥離・鉄筋露出-d, 横桁 Cr0604 : ⑦剥離・鉄筋露出-d, 横桁 Cr0704 : ⑦剥離・鉄筋露出-d", "picture_number": "", "this_time_picture": null, "last_time_picture": null, "textarea_content": "横桁に鉄筋露出が見られる。 \n【関連損傷】\n横桁 Cr0301,横桁 Cr0402,横桁 Cr0403,横桁 Cr0602,横桁 Cr0604,横桁 Cr0704:⑦剥離・鉄筋露出-d", "damage_coordinate_x": "525003.839727268", "damage_coordinate_y": "213095.7270112425", "picture_coordinate_x": null, "picture_coordinate_y": null, "span_number": "1径間", "special_links": "横桁 Cr02/⑦剥離・鉄筋露出-d/1径間", "measurement": null, "damage_size": null, "classification": null, "pattern": null, "infra": 8, "article": 2, "table": 13}}, {"model": "infra.fullreportdata", "pk": 10155, "fields": {"parts_name": "横桁 Cr0604", "damage_name": "⑦剥離・鉄筋露出-d", "parts_split": "横桁 Cr04", "four_numbers": "0604", "join": "横桁 Cr0201 : ⑦剥離・鉄筋露出-d, 横桁 Cr0301 : ⑦剥離・鉄筋露出-d, 横桁 Cr0402 : ⑦剥離・鉄筋露出-d, 横桁 Cr0403 : ⑦剥離・鉄筋露出-d, 横桁 Cr0602 : ⑦剥離・鉄筋露出-d, 横桁 Cr0604 : ⑦剥離・鉄筋露出-d, 横桁 Cr0704 : ⑦剥離・鉄筋露出-d", "picture_number": "", "this_time_picture": null, "last_time_picture": null, "textarea_content": "横桁に鉄筋露出が見られる。 \n【関連損傷】\n横桁 Cr0301,横桁 Cr0402,横桁 Cr0403,横桁 Cr0602,横桁 Cr0604,横桁 Cr0704:⑦剥離・鉄筋露出-d", "damage_coordinate_x": "525003.839727268", "damage_coordinate_y": "213095.7270112425", "picture_coordinate_x": null, "picture_coordinate_y": null, "span_number": "1径間", "special_links": "横桁 Cr04/⑦剥離・鉄筋露出-d/1径間", "measurement": null, "damage_size": null, "classification": null, "pattern": null, "infra": 8, "article": 2, "table": 13}}, {"model": "infra.fullreportdata", "pk": 10156, "fields": {"parts_name": "横桁 Cr0704", "damage_name": "⑦剥離・鉄筋露出-d", "parts_split": "横桁 Cr04", "four_numbers": "0704", "join": "横桁 Cr0201 : ⑦剥離・鉄筋露出-d, 横桁 Cr0301 : ⑦剥離・鉄筋露出-d, 横桁 Cr0402 : ⑦剥離・鉄筋露出-d, 横桁 Cr0403 : ⑦剥離・鉄筋露出-d, 横桁 Cr0602 : ⑦剥離・鉄筋露出-d, 横桁 Cr0604 : ⑦剥離・鉄筋露出-d, 横桁 Cr0704 : ⑦剥離・鉄筋露出-d", "picture_number": "", "this_time_picture": null, "last_time_picture": null, "textarea_content": "横桁に鉄筋露出が見られる。 \n【関連損傷】\n横桁 Cr0301,横桁 Cr0402,横桁 Cr0403,横桁 Cr0602,横桁 Cr0604,横桁 Cr0704:⑦剥離・鉄筋露出-d", "damage_coordinate_x": "525003.839727268", "damage_coordinate_y": "213095.7270112425", "picture_coordinate_x": null, "picture_coordinate_y": null, "span_number": "1径間", "special_links": "横桁 Cr04/⑦剥離・鉄筋露出-d/1径間", "measurement": null, "damage_size": null, "classification": null, "pattern": null, "infra": 8, "article": 2, "table": 13}}, {"model": "infra.fullreportdata", "pk": 10157, "fields": {"parts_name": "横桁 Cr0204", "damage_name": "⑦剥離・鉄筋露出-e", "parts_split": "横桁 Cr04", "four_numbers": "0204", "join": "横桁 Cr0204 : ⑦剥離・鉄筋露出-e", "picture_number": "", "this_time_picture": null, "last_time_picture": null, "textarea_content": "横桁に断面減少を伴う鉄筋露出が見られる。", "damage_coordinate_x": "548316.6020528428", "damage_coordinate_y": "226251.4621194576", "picture_coordinate_x": "549169.7165741528", "picture_coordinate_y": "225941.858472284", "span_number": "1径間", "special_links": "横桁 Cr04/⑦剥離・鉄筋露出-e/1径間", "measurement": null, "damage_size": null, "classification": null, "pattern": null, "infra": 8, "article": 2, "table": 13}}, {"model": "infra.fullreportdata", "pk": 10158, "fields": {"parts_name": "横桁 Cr0304", "damage_name": "⑦剥離・鉄筋露出-e", "parts_split": "横桁 Cr04", "four_numbers": "0304", "join": "横桁 Cr0304 : ⑦剥離・鉄筋露出-e", "picture_number": "", "this_time_picture": null, "last_time_picture": null, "textarea_content": "横桁に断面減少を伴う鉄筋露出が見られる。", "damage_coordinate_x": "547430.0305409065", "damage_coordinate_y": "224715.8752162406", "picture_coordinate_x": "547714.7833405402", "picture_coordinate_y": "224403.0381771689", "span_number": "1径間", "special_links": "横桁 Cr04/⑦剥離・鉄筋露出-e/1径間", "measurement": null, "damage_size": null, "classification": null, "pattern": null, "infra": 8, "article": 2, "table": 13}}, {"model": "infra.fullreportdata", "pk": 10159, "fields": {"parts_name": "横桁 Cr0401", "damage_name": "⑦剥離・鉄筋露出-e", "parts_split": "横桁 Cr01", "four_numbers": "0401", "join": "横桁 Cr0401 : ⑦剥離・鉄筋露出-e", "picture_number": "", "this_time_picture": null, "last_time_picture": null, "textarea_content": "横桁に断面減少を伴う鉄筋露出が見られる。", "damage_coordinate_x": "529221.0193919685", "damage_coordinate_y": "223295.995449547", "picture_coordinate_x": "529401.0143646629", "picture_coordinate_y": "222981.8261548198", "span_number": "1径間", "special_links": "横桁 Cr01/⑦剥離・鉄筋露出-e/1径間", "measurement": null, "damage_size": null, "classification": null, "pattern": null, "infra": 8, "article": 2, "table": 13}}, {"model": "infra.fullreportdata", "pk": 10160, "fields": {"parts_name": "横桁 Cr0503", "damage_name": "⑦剥離・鉄筋露出-d", "parts_split": "横桁 Cr03", "four_numbers": "0503", "join": "横桁 Cr0503 : ⑦剥離・鉄筋露出-d", "picture_number": "", "this_time_picture": null, "last_time_picture": null, "textarea_content": "横桁に鉄筋露出が見られる。", "damage_coordinate_x": "546181.340571892", "damage_coordinate_y": "222553.0807470059", "picture_coordinate_x": "546769.9402349197", "picture_coordinate_y": "222164.8389810835", "span_number": "1径間", "special_links": "横桁 Cr03/⑦剥離・鉄筋露出-d/1径間", "measurement": null, "damage_size": null, "classification": null, "pattern": null, "infra": 8, "article": 2, "table": 13}}, {"model": "infra.fullreportdata", "pk": 10161, "fields": {"parts_name": "横桁 Cr0801", "damage_name": "⑦剥離・鉄筋露出-d", "parts_split": "横桁 Cr01", "four_numbers": "0801", "join": "横桁 Cr0801 : ⑦剥離・鉄筋露出-d", "picture_number": "", "this_time_picture": null, "last_time_picture": null, "textarea_content": "横桁に鉄筋露出が見られる。", "damage_coordinate_x": "527566.5420863405", "damage_coordinate_y": "220430.3566962297", "picture_coordinate_x": "527793.2963477422", "picture_coordinate_y": "220070.4196068052", "span_number": "1径間", "special_links": "横桁 Cr01/⑦剥離・鉄筋露出-d/1径間", "measurement": null, "damage_size": null, "classification": null, "pattern": null, "infra": 8, "article": 2, "table": 13}}, {"model": "infra.fullreportdata", "pk": 10162, "fields": {"parts_name": "横桁 Cr0802", "damage_name": "⑦剥離・鉄筋露出-e", "parts_split": "横桁 Cr02", "four_numbers": "0802", "join": "横桁 Cr0802 : ⑦剥離・鉄筋露出-e", "picture_number": "", "this_time_picture": null, "last_time_picture": null, "textarea_content": "横桁に断面減少を伴う鉄筋露出が見られる。", "damage_coordinate_x": "538443.3187868086", "damage_coordinate_y": "218366.5575399188", "picture_coordinate_x": "538761.6085522854", "picture_coordinate_y": "218087.1577589952", "span_number": "1径間", "special_links": "横桁 Cr02/⑦剥離・鉄筋露出-e/1径間", "measurement": null, "damage_size": null, "classification": null, "pattern": null, "infra": 8, "article": 2, "table": 13}}, {"model": "infra.fullreportdata", "pk": 10163, "fields": {"parts_name": "横桁 Cr0803", "damage_name": "⑦剥離・鉄筋露出-d", "parts_split": "横桁 Cr03", "four_numbers": "0803", "join": "横桁 Cr0803 : ⑦剥離・鉄筋露出-d", "picture_number": "", "this_time_picture": null, "last_time_picture": null, "textarea_content": "横桁に鉄筋露出が見られる。", "damage_coordinate_x": "543207.0862507953", "damage_coordinate_y": "218366.5575399188", "picture_coordinate_x": "545418.5774821687", "picture_coordinate_y": "218368.3759352968", "span_number": "1径間", "special_links": "横桁 Cr03/⑦剥離・鉄筋露出-d/1径間", "measurement": null, "damage_size": null, "classification": null, "pattern": null, "infra": 8, "article": 2, "table": 13}}, {"model": "infra.fullreportdata", "pk": 10164, "fields": {"parts_name": "床版 Ds0101", "damage_name": "⑦剥離・鉄筋露出-d", "parts_split": "床版 Ds00", "four_numbers": "0101", "join": "床版 Ds0101 : ⑦剥離・鉄筋露出-d", "picture_number": "", "this_time_picture": null, "last_time_picture": null, "textarea_content": "床版に鉄筋露出が見られる。", "damage_coordinate_x": "531595.7611265536", "damage_coordinate_y": "227530.3566962298", "picture_coordinate_x": "531805.9667048807", "picture_coordinate_y": "227218.1705246582", "span_number": "1径間", "special_links": "床版 Ds00/⑦剥離・鉄筋露出-d/1径間", "measurement": null, "damage_size": null, "classification": null, "pattern": null, "infra": 8, "article": 2, "table": 13}}, {"model": "infra.fullreportdata", "pk": 10165, "fields": {"parts_name": "床版 Ds0201", "damage_name": "⑦剥離・鉄筋露出-d", "parts_split": "床版 Ds00", "four_numbers": "0201", "join": "床版 Ds0201 : ⑦剥離・鉄筋露出-d, 床版 Ds0203 : ⑦剥離・鉄筋露出-d", "picture_number": "", "this_time_picture": null, "last_time_picture": null, "textarea_content": "床版に鉄筋露出が見られる。 \n【関連損傷】\n床版 Ds0203:⑦剥離・鉄筋露出-d", "damage_coordinate_x": "525003.839727268", "damage_coordinate_y": "213095.7270112425", "picture_coordinate_x": null, "picture_coordinate_y": null, "span_number": "1径間", "special_links": "床版 Ds00/⑦剥離・鉄筋露出-d/1径間", "measurement": null, "damage_size": null, "classification": null, "pattern": null, "infra": 8, "article": 2, "table": 13}}, {"model": "infra.fullreportdata", "pk": 10166, "fields": {"parts_name": "床版 Ds0203", "damage_name": "⑦剥離・鉄筋露出-d", "parts_split": "床版 Ds00", "four_numbers": "0203", "join": "床版 Ds0201 : ⑦剥離・鉄筋露出-d, 床版 Ds0203 : ⑦剥離・鉄筋露出-d", "picture_number": "", "this_time_picture": null, "last_time_picture": null, "textarea_content": "床版に鉄筋露出が見られる。 \n【関連損傷】\n床版 Ds0203:⑦剥離・鉄筋露出-d", "damage_coordinate_x": "525003.839727268", "damage_coordinate_y": "213095.7270112425", "picture_coordinate_x": null, "picture_coordinate_y": null, "span_number": "1径間", "special_links": "床版 Ds00/⑦剥離・鉄筋露出-d/1径間", "measurement": null, "damage_size": null, "classification": null, "pattern": null, "infra": 8, "article": 2, "table": 13}}, {"model": "infra.fullreportdata", "pk": 10167, "fields": {"parts_name": "床版 Ds0803", "damage_name": "⑦剥離・鉄筋露出-d", "parts_split": "床版 Ds00", "four_numbers": "0803", "join": "床版 Ds0803 : ⑦剥離・鉄筋露出-d", "picture_number": "", "this_time_picture": null, "last_time_picture": null, "textarea_content": "床版に鉄筋露出が見られる。", "damage_coordinate_x": "544955.785269761", "damage_coordinate_y": "220430.3566962297", "picture_coordinate_x": "545192.2035962", "picture_coordinate_y": "220088.065259854", "span_number": "1径間", "special_links": "床版 Ds00/⑦剥離・鉄筋露出-d/1径間", "measurement": null, "damage_size": null, "classification": null, "pattern": null, "infra": 8, "article": 2, "table": 13}}, {"model": "infra.fullreportdata", "pk": 10168, "fields": {"parts_name": "PC定着部 Cn1203", "damage_name": "NON-a", "parts_split": "PC定着部 Cn12", "four_numbers": "1203", "join": "PC定着部 Cn1203 : NON-a", "picture_number": "", "this_time_picture": null, "last_time_picture": null, "textarea_content": "PC定着部にNON-aが見られる。", "damage_coordinate_x": "537494.8440878117", "damage_coordinate_y": "190371.7813098583", "picture_coordinate_x": null, "picture_coordinate_y": null, "span_number": "1径間", "special_links": "PC定着部 Cn12/NON-a/1径間", "measurement": null, "damage_size": null, "classification": null, "pattern": null, "infra": 8, "article": 2, "table": 13}}, {"model": "infra.fullreportdata", "pk": 10169, "fields": {"parts_name": "橋台[胸壁] Ap0101", "damage_name": "⑳漏水・滞水-e", "parts_split": "橋台[胸壁] Ap00", "four_numbers": "0101", "join": "橋台[胸壁] Ap0101 : ⑳漏水・滞水-e, 橋台[竪壁] Ac0101 : ⑳漏水・滞水-e, 伸縮装置 Ej0101 : ⑳漏水・滞水-e", "picture_number": "", "this_time_picture": null, "last_time_picture": null, "textarea_content": "橋台[胸壁]および橋台[竪壁],伸縮装置に漏水・滞水が見られる。 \n【関連損傷】\n橋台[竪壁] Ac0101,伸縮装置 Ej0101:⑳漏水・滞水-e", "damage_coordinate_x": "535305.6406762057", "damage_coordinate_y": "190342.4721676922", "picture_coordinate_x": "537494.8440878117", "picture_coordinate_y": "190371.7813098583", "span_number": "1径間", "special_links": "橋台[胸壁] Ap00/⑳漏水・滞水-e/1径間", "measurement": null, "damage_size": null, "classification": null, "pattern": null, "infra": 8, "article": 2, "table": 13}}, {"model": "infra.fullreportdata", "pk": 10170, "fields": {"parts_name": "橋台[竪壁] Ac0101", "damage_name": "⑳漏水・滞水-e", "parts_split": "橋台[竪壁] Ac00", "four_numbers": "0101", "join": "橋台[胸壁] Ap0101 : ⑳漏水・滞水-e, 橋台[竪壁] Ac0101 : ⑳漏水・滞水-e, 伸縮装置 Ej0101 : ⑳漏水・滞水-e", "picture_number": "", "this_time_picture": null, "last_time_picture": null, "textarea_content": "橋台[胸壁]および橋台[竪壁],伸縮装置に漏水・滞水が見られる。 \n【関連損傷】\n橋台[竪壁] Ac0101,伸縮装置 Ej0101:⑳漏水・滞水-e", "damage_coordinate_x": "535305.6406762057", "damage_coordinate_y": "190342.4721676922", "picture_coordinate_x": "537494.8440878117", "picture_coordinate_y": "190371.7813098583", "span_number": "1径間", "special_links": "橋台[竪壁] Ac00/⑳漏水・滞水-e/1径間", "measurement": null, "damage_size": null, "classification": null, "pattern": null, "infra": 8, "article": 2, "table": 13}}, {"model": "infra.fullreportdata", "pk": 10171, "fields": {"parts_name": "伸縮装置 Ej0101", "damage_name": "⑳漏水・滞水-e", "parts_split": "伸縮装置 Ej00", "four_numbers": "0101", "join": "橋台[胸壁] Ap0101 : ⑳漏水・滞水-e, 橋台[竪壁] Ac0101 : ⑳漏水・滞水-e, 伸縮装置 Ej0101 : ⑳漏水・滞水-e", "picture_number": "", "this_time_picture": null, "last_time_picture": null, "textarea_content": "橋台[胸壁]および橋台[竪壁],伸縮装置に漏水・滞水が見られる。 \n【関連損傷】\n橋台[竪壁] Ac0101,伸縮装置 Ej0101:⑳漏水・滞水-e", "damage_coordinate_x": "535305.6406762057", "damage_coordinate_y": "190342.4721676922", "picture_coordinate_x": "537494.8440878117", "picture_coordinate_y": "190371.7813098583", "span_number": "1径間", "special_links": "伸縮装置 Ej00/⑳漏水・滞水-e/1径間", "measurement": null, "damage_size": null, "classification": null, "pattern": null, "infra": 8, "article": 2, "table": 13}}, {"model": "infra.fullreportdata", "pk": 10172, "fields": {"parts_name": "橋台[胸壁] Ap0102", "damage_name": "⑳漏水・滞水-e", "parts_split": "橋台[胸壁] Ap00", "four_numbers": "0102", "join": "橋台[胸壁] Ap0102 : ⑳漏水・滞水-e, 橋台[竪壁] Ac0102 : ⑳漏水・滞水-e, 伸縮装置 Ej0102 : ⑳漏水・滞水-e", "picture_number": "", "this_time_picture": null, "last_time_picture": null, "textarea_content": "橋台[胸壁]および橋台[竪壁],伸縮装置に漏水・滞水が見られる。 \n【関連損傷】\n橋台[竪壁] Ac0102,伸縮装置 Ej0102:⑳漏水・滞水-e", "damage_coordinate_x": "534633.1754138757", "damage_coordinate_y": "198400.9331532792", "picture_coordinate_x": "537045.4396522791", "picture_coordinate_y": "198420.7293499758", "span_number": "1径間", "special_links": "橋台[胸壁] Ap00/⑳漏水・滞水-e/1径間", "measurement": null, "damage_size": null, "classification": null, "pattern": null, "infra": 8, "article": 2, "table": 13}}, {"model": "infra.fullreportdata", "pk": 10173, "fields": {"parts_name": "橋台[竪壁] Ac0102", "damage_name": "⑳漏水・滞水-e", "parts_split": "橋台[竪壁] Ac00", "four_numbers": "0102", "join": "橋台[胸壁] Ap0102 : ⑳漏水・滞水-e, 橋台[竪壁] Ac0102 : ⑳漏水・滞水-e, 伸縮装置 Ej0102 : ⑳漏水・滞水-e", "picture_number": "", "this_time_picture": null, "last_time_picture": null, "textarea_content": "橋台[胸壁]および橋台[竪壁],伸縮装置に漏水・滞水が見られる。 \n【関連損傷】\n橋台[竪壁] Ac0102,伸縮装置 Ej0102:⑳漏水・滞水-e", "damage_coordinate_x": "534633.1754138757", "damage_coordinate_y": "198400.9331532792", "picture_coordinate_x": "537045.4396522791", "picture_coordinate_y": "198420.7293499758", "span_number": "1径間", "special_links": "橋台[竪壁] Ac00/⑳漏水・滞水-e/1径間", "measurement": null, "damage_size": null, "classification": null, "pattern": null, "infra": 8, "article": 2, "table": 13}}, {"model": "infra.fullreportdata", "pk": 10174, "fields": {"parts_name": "伸縮装置 Ej0102", "damage_name": "⑳漏水・滞水-e", "parts_split": "伸縮装置 Ej00", "four_numbers": "0102", "join": "橋台[胸壁] Ap0102 : ⑳漏水・滞水-e, 橋台[竪壁] Ac0102 : ⑳漏水・滞水-e, 伸縮装置 Ej0102 : ⑳漏水・滞水-e", "picture_number": "", "this_time_picture": null, "last_time_picture": null, "textarea_content": "橋台[胸壁]および橋台[竪壁],伸縮装置に漏水・滞水が見られる。 \n【関連損傷】\n橋台[竪壁] Ac0102,伸縮装置 Ej0102:⑳漏水・滞水-e", "damage_coordinate_x": "534633.1754138757", "damage_coordinate_y": "198400.9331532792", "picture_coordinate_x": "537045.4396522791", "picture_coordinate_y": "198420.7293499758", "span_number": "1径間", "special_links": "伸縮装置 Ej00/⑳漏水・滞水-e/1径間", "measurement": null, "damage_size": null, "classification": null, "pattern": null, "infra": 8, "article": 2, "table": 13}}, {"model": "infra.fullreportdata", "pk": 10175, "fields": {"parts_name": "支承本体 Bh0102", "damage_name": "NON-a", "parts_split": "支承本体 Bh00", "four_numbers": "0102", "join": "支承本体 Bh0102 : NON-a, 沓座モルタル Bm0102 : NON-a", "picture_number": "", "this_time_picture": null, "last_time_picture": null, "textarea_content": "支承本体,沓座モルタルにNON-aが見られる。 \n【関連損傷】\n沓座モルタル Bm0102:NON-a", "damage_coordinate_x": "537494.8440878117", "damage_coordinate_y": "190371.7813098583", "picture_coordinate_x": null, "picture_coordinate_y": null, "span_number": "1径間", "special_links": "支承本体 Bh00/NON-a/1径間", "measurement": null, "damage_size": null, "classification": null, "pattern": null, "infra": 8, "article": 2, "table": 13}}, {"model": "infra.fullreportdata", "pk": 10176, "fields": {"parts_name": "沓座モルタル Bm0102", "damage_name": "NON-a", "parts_split": "沓座モルタル Bm00", "four_numbers": "0102", "join": "支承本体 Bh0102 : NON-a, 沓座モルタル Bm0102 : NON-a", "picture_number": "", "this_time_picture": null, "last_time_picture": null, "textarea_content": "支承本体,沓座モルタルにNON-aが見られる。 \n【関連損傷】\n沓座モルタル Bm0102:NON-a", "damage_coordinate_x": "537494.8440878117", "damage_coordinate_y": "190371.7813098583", "picture_coordinate_x": null, "picture_coordinate_y": null, "span_number": "1径間", "special_links": "沓座モルタル Bm00/NON-a/1径間", "measurement": null, "damage_size": null, "classification": null, "pattern": null, "infra": 8, "article": 2, "table": 13}}, {"model": "infra.fullreportdata", "pk": 10177, "fields": {"parts_name": "地覆 Fg0201", "damage_name": "⑫うき-e", "parts_split": "地覆 Fg00", "four_numbers": "0201", "join": "地覆 Fg0201 : ⑫うき-e", "picture_number": "", "this_time_picture": null, "last_time_picture": null, "textarea_content": "地覆にコンクリートのうきが見られる。", "damage_coordinate_x": "529523.5331537114", "damage_coordinate_y": "216164.654853505", "picture_coordinate_x": "529841.2180579801", "picture_coordinate_y": "215806.1718362219", "span_number": "1径間", "special_links": "地覆 Fg00/⑫うき-e/1径間", "measurement": null, "damage_size": null, "classification": null, "pattern": null, "infra": 8, "article": 2, "table": 13}}, {"model": "infra.fullreportdata", "pk": 10178, "fields": {"parts_name": "排水管 Dp0101", "damage_name": "①腐食(大大)-e", "parts_split": "排水管 Dp00", "four_numbers": "0101", "join": "排水管 Dp0101 : ①腐食(大大)-e/⑤防食機能の劣化(分類1)-e", "picture_number": "", "this_time_picture": null, "last_time_picture": null, "textarea_content": "排水管に全体的に板厚減少を伴う腐食,点錆が見られる。 \n【関連損傷】\n排水管 Dp0101:⑤防食機能の劣化(分類1)-e", "damage_coordinate_x": "538482.3557216563", "damage_coordinate_y": "229268.8593029478", "picture_coordinate_x": "538810.3087944178", "picture_coordinate_y": "228910.3502713814", "span_number": "1径間", "special_links": "排水管 Dp00/①腐食(大大)-e/1径間", "measurement": null, "damage_size": null, "classification": null, "pattern": null, "infra": 8, "article": 2, "table": 13}}, {"model": "infra.fullreportdata", "pk": 10179, "fields": {"parts_name": "排水管 Dp0101", "damage_name": "⑤防食機能の劣化(分類1)-e", "parts_split": "排水管 Dp00", "four_numbers": "0101", "join": "排水管 Dp0101 : ①腐食(大大)-e/⑤防食機能の劣化(分類1)-e", "picture_number": "", "this_time_picture": null, "last_time_picture": null, "textarea_content": "排水管に全体的に板厚減少を伴う腐食,点錆が見られる。 \n【関連損傷】\n排水管 Dp0101:⑤防食機能の劣化(分類1)-e", "damage_coordinate_x": "538482.3557216563", "damage_coordinate_y": "229268.8593029478", "picture_coordinate_x": "538810.3087944178", "picture_coordinate_y": "228910.3502713814", "span_number": "1径間", "special_links": "排水管 Dp00/⑤防食機能の劣化(分類1)-e/1径間", "measurement": null, "damage_size": null, "classification": null, "pattern": null, "infra": 8, "article": 2, "table": 13}}, {"model": "infra.fullreportdata", "pk": 10180, "fields": {"parts_name": "排水管 Dp0102", "damage_name": "①腐食(小大)-c", "parts_split": "排水管 Dp00", "four_numbers": "0102", "join": "排水管 Dp0102 : ①腐食(小大)-c/⑤防食機能の劣化(分類1)-e", "picture_number": "", "this_time_picture": null, "last_time_picture": null, "textarea_content": "排水管に全体的な腐食,点錆が見られる。 \n【関連損傷】\n排水管 Dp0102:⑤防食機能の劣化(分類1)-e", "damage_coordinate_x": "547059.1990495767", "damage_coordinate_y": "229268.8593029478", "picture_coordinate_x": "549204.9604817769", "picture_coordinate_y": "229256.3408485695", "span_number": "1径間", "special_links": "排水管 Dp00/①腐食(小大)-c/1径間", "measurement": null, "damage_size": null, "classification": null, "pattern": null, "infra": 8, "article": 2, "table": 13}}, {"model": "infra.fullreportdata", "pk": 10181, "fields": {"parts_name": "排水管 Dp0102", "damage_name": "⑤防食機能の劣化(分類1)-e", "parts_split": "排水管 Dp00", "four_numbers": "0102", "join": "排水管 Dp0102 : ①腐食(小大)-c/⑤防食機能の劣化(分類1)-e", "picture_number": "", "this_time_picture": null, "last_time_picture": null, "textarea_content": "排水管に全体的な腐食,点錆が見られる。 \n【関連損傷】\n排水管 Dp0102:⑤防食機能の劣化(分類1)-e", "damage_coordinate_x": "547059.1990495767", "damage_coordinate_y": "229268.8593029478", "picture_coordinate_x": "549204.9604817769", "picture_coordinate_y": "229256.3408485695", "span_number": "1径間", "special_links": "排水管 Dp00/⑤防食機能の劣化(分類1)-e/1径間", "measurement": null, "damage_size": null, "classification": null, "pattern": null, "infra": 8, "article": 2, "table": 13}}, {"model": "infra.fullreportdata", "pk": 10182, "fields": {"parts_name": "排水管 Dp0201", "damage_name": "①腐食(小大)-c", "parts_split": "排水管 Dp00", "four_numbers": "0201", "join": "排水管 Dp0201 : ①腐食(小大)-c/⑤防食機能の劣化(分類1)-e, 排水管 Dp0202 : ①腐食(小大)-c/⑤防食機能の劣化(分類1)-e", "picture_number": "", "this_time_picture": null, "last_time_picture": null, "textarea_content": "排水管に全体的な腐食が見られる。 \n【関連損傷】\n排水管 Dp0202:①腐食(小大)-c", "damage_coordinate_x": "525003.839727268", "damage_coordinate_y": "213095.7270112425", "picture_coordinate_x": null, "picture_coordinate_y": null, "span_number": "1径間", "special_links": "排水管 Dp00/①腐食(小大)-c/1径間", "measurement": null, "damage_size": null, "classification": null, "pattern": null, "infra": 8, "article": 2, "table": 13}}, {"model": "infra.fullreportdata", "pk": 10183, "fields": {"parts_name": "排水管 Dp0201", "damage_name": "⑤防食機能の劣化(分類1)-e", "parts_split": "排水管 Dp00", "four_numbers": "0201", "join": "排水管 Dp0201 : ①腐食(小大)-c/⑤防食機能の劣化(分類1)-e, 排水管 Dp0202 : ①腐食(小大)-c/⑤防食機能の劣化(分類1)-e", "picture_number": "", "this_time_picture": null, "last_time_picture": null, "textarea_content": "排水管に全体的な腐食が見られる。 \n【関連損傷】\n排水管 Dp0202:①腐食(小大)-c", "damage_coordinate_x": "525003.839727268", "damage_coordinate_y": "213095.7270112425", "picture_coordinate_x": null, "picture_coordinate_y": null, "span_number": "1径間", "special_links": "排水管 Dp00/⑤防食機能の劣化(分類1)-e/1径間", "measurement": null, "damage_size": null, "classification": null, "pattern": null, "infra": 8, "article": 2, "table": 13}}, {"model": "infra.fullreportdata", "pk": 10184, "fields": {"parts_name": "排水管 Dp0202", "damage_name": "①腐食(小大)-c", "parts_split": "排水管 Dp00", "four_numbers": "0202", "join": "排水管 Dp0201 : ①腐食(小大)-c/⑤防食機能の劣化(分類1)-e, 排水管 Dp0202 : ①腐食(小大)-c/⑤防食機能の劣化(分類1)-e", "picture_number": "", "this_time_picture": null, "last_time_picture": null, "textarea_content": "排水管に全体的な腐食が見られる。 \n【関連損傷】\n排水管 Dp0202:①腐食(小大)-c", "damage_coordinate_x": "525003.839727268", "damage_coordinate_y": "213095.7270112425", "picture_coordinate_x": null, "picture_coordinate_y": null, "span_number": "1径間", "special_links": "排水管 Dp00/①腐食(小大)-c/1径間", "measurement": null, "damage_size": null, "classification": null, "pattern": null, "infra": 8, "article": 2, "table": 13}}, {"model": "infra.fullreportdata", "pk": 10185, "fields": {"parts_name": "排水管 Dp0202", "damage_name": "⑤防食機能の劣化(分類1)-e", "parts_split": "排水管 Dp00", "four_numbers": "0202", "join": "排水管 Dp0201 : ①腐食(小大)-c/⑤防食機能の劣化(分類1)-e, 排水管 Dp0202 : ①腐食(小大)-c/⑤防食機能の劣化(分類1)-e", "picture_number": "", "this_time_picture": null, "last_time_picture": null, "textarea_content": "排水管に全体的な腐食が見られる。 \n【関連損傷】\n排水管 Dp0202:①腐食(小大)-c", "damage_coordinate_x": "525003.839727268", "damage_coordinate_y": "213095.7270112425", "picture_coordinate_x": null, "picture_coordinate_y": null, "span_number": "1径間", "special_links": "排水管 Dp00/⑤防食機能の劣化(分類1)-e/1径間", "measurement": null, "damage_size": null, "classification": null, "pattern": null, "infra": 8, "article": 2, "table": 13}}, {"model": "infra.fullreportdata", "pk": 10186, "fields": {"parts_name": "支承本体 Bh0101", "damage_name": "①腐食(小小)-b", "parts_split": "支承本体 Bh00", "four_numbers": "0101", "join": "支承本体 Bh0101 : ①腐食(小小)-b/⑤防食機能の劣化(分類1)-e/㉓変形・欠損-c, 沓座モルタル Bm0101 : ⑦剥離・鉄筋露出-c", "picture_number": "", "this_time_picture": null, "last_time_picture": null, "textarea_content": "支承本体に腐食,変形・欠損が見られる。また沓座モルタルにコンクリートの剥離が見られる。 \n【関連損傷】\n支承本体 Bh0101:㉓変形・欠損-c, 沓座モルタル Bm0101:⑦剥離・鉄筋露出-c", "damage_coordinate_x": "589100.6408404222", "damage_coordinate_y": "223935.3885015437", "picture_coordinate_x": "591543.5416080136", "picture_coordinate_y": "223659.8990548863", "span_number": "2径間", "special_links": "支承本体 Bh00/①腐食(小小)-b/2径間", "measurement": null, "damage_size": null, "classification": null, "pattern": null, "infra": 8, "article": 2, "table": 13}}, {"model": "infra.fullreportdata", "pk": 10187, "fields": {"parts_name": "支承本体 Bh0101", "damage_name": "⑤防食機能の劣化(分類1)-e", "parts_split": "支承本体 Bh00", "four_numbers": "0101", "join": "支承本体 Bh0101 : ①腐食(小小)-b/⑤防食機能の劣化(分類1)-e/㉓変形・欠損-c, 沓座モルタル Bm0101 : ⑦剥離・鉄筋露出-c", "picture_number": "", "this_time_picture": null, "last_time_picture": null, "textarea_content": "支承本体に腐食,変形・欠損が見られる。また沓座モルタルにコンクリートの剥離が見られる。 \n【関連損傷】\n支承本体 Bh0101:㉓変形・欠損-c, 沓座モルタル Bm0101:⑦剥離・鉄筋露出-c", "damage_coordinate_x": "589100.6408404222", "damage_coordinate_y": "223935.3885015437", "picture_coordinate_x": "591543.5416080136", "picture_coordinate_y": "223659.8990548863", "span_number": "2径間", "special_links": "支承本体 Bh00/⑤防食機能の劣化(分類1)-e/2径間", "measurement": null, "damage_size": null, "classification": null, "pattern": null, "infra": 8, "article": 2, "table": 13}}, {"model": "infra.fullreportdata", "pk": 10188, "fields": {"parts_name": "支承本体 Bh0101", "damage_name": "㉓変形・欠損-c", "parts_split": "支承本体 Bh00", "four_numbers": "0101", "join": "支承本体 Bh0101 : ①腐食(小小)-b/⑤防食機能の劣化(分類1)-e/㉓変形・欠損-c, 沓座モルタル Bm0101 : ⑦剥離・鉄筋露出-c", "picture_number": "", "this_time_picture": null, "last_time_picture": null, "textarea_content": "支承本体に腐食,変形・欠損が見られる。また沓座モルタルにコンクリートの剥離が見られる。 \n【関連損傷】\n支承本体 Bh0101:㉓変形・欠損-c, 沓座モルタル Bm0101:⑦剥離・鉄筋露出-c", "damage_coordinate_x": "589100.6408404222", "damage_coordinate_y": "223935.3885015437", "picture_coordinate_x": "591543.5416080136", "picture_coordinate_y": "223659.8990548863", "span_number": "2径間", "special_links": "支承本体 Bh00/㉓変形・欠損-c/2径間", "measurement": null, "damage_size": null, "classification": null, "pattern": null, "infra": 8, "article": 2, "table": 13}}, {"model": "infra.fullreportdata", "pk": 10189, "fields": {"parts_name": "沓座モルタル Bm0101", "damage_name": "⑦剥離・鉄筋露出-c", "parts_split": "沓座モルタル Bm00", "four_numbers": "0101", "join": "支承本体 Bh0101 : ①腐食(小小)-b/⑤防食機能の劣化(分類1)-e/㉓変形・欠損-c, 沓座モルタル Bm0101 : ⑦剥離・鉄筋露出-c", "picture_number": "", "this_time_picture": null, "last_time_picture": null, "textarea_content": "支承本体に腐食,変形・欠損が見られる。また沓座モルタルにコンクリートの剥離が見られる。 \n【関連損傷】\n支承本体 Bh0101:㉓変形・欠損-c, 沓座モルタル Bm0101:⑦剥離・鉄筋露出-c", "damage_coordinate_x": "589100.6408404222", "damage_coordinate_y": "223935.3885015437", "picture_coordinate_x": "591543.5416080136", "picture_coordinate_y": "223659.8990548863", "span_number": "2径間", "special_links": "沓座モルタル Bm00/⑦剥離・鉄筋露出-c/2径間", "measurement": null, "damage_size": null, "classification": null, "pattern": null, "infra": 8, "article": 2, "table": 13}}, {"model": "infra.fullreportdata", "pk": 10190, "fields": {"parts_name": "防護柵 Gf0101", "damage_name": "⑦剥離・鉄筋露出-c", "parts_split": "防護柵 Gf00", "four_numbers": "0101", "join": "防護柵 Gf0101 : ⑦剥離・鉄筋露出-c", "picture_number": "", "this_time_picture": null, "last_time_picture": null, "textarea_content": "防護柵にコンクリートの剥離が見られる。", "damage_coordinate_x": "586290.5351249668", "damage_coordinate_y": "228868.5013850681", "picture_coordinate_x": "586620.7952826327", "picture_coordinate_y": "228516.7615150949", "span_number": "2径間", "special_links": "防護柵 Gf00/⑦剥離・鉄筋露出-c/2径間", "measurement": null, "damage_size": null, "classification": null, "pattern": null, "infra": 8, "article": 2, "table": 13}}, {"model": "infra.fullreportdata", "pk": 10191, "fields": {"parts_name": "防護柵 Gf0101", "damage_name": "⑦剥離・鉄筋露出-d", "parts_split": "防護柵 Gf00", "four_numbers": "0101", "join": "防護柵 Gf0101 : ⑦剥離・鉄筋露出-d", "picture_number": "", "this_time_picture": null, "last_time_picture": null, "textarea_content": "防護柵に鉄筋露出が見られる。", "damage_coordinate_x": "588436.0254916901", "damage_coordinate_y": "227503.8976152274", "picture_coordinate_x": "589243.0579465146", "picture_coordinate_y": "227183.5999853493", "span_number": "2径間", "special_links": "防護柵 Gf00/⑦剥離・鉄筋露出-d/2径間", "measurement": null, "damage_size": null, "classification": null, "pattern": null, "infra": 8, "article": 2, "table": 13}}, {"model": "infra.fullreportdata", "pk": 10192, "fields": {"parts_name": "防護柵 Gf0101", "damage_name": "⑦剥離・鉄筋露出-d", "parts_split": "防護柵 Gf00", "four_numbers": "0101", "join": "防護柵 Gf0101 : ⑦剥離・鉄筋露出-d", "picture_number": "", "this_time_picture": null, "last_time_picture": null, "textarea_content": "防護柵に鉄筋露出が見られる。", "damage_coordinate_x": "580868.40803931", "damage_coordinate_y": "228868.5013850681", "picture_coordinate_x": "581356.9846939672", "picture_coordinate_y": "228553.6834979908", "span_number": "2径間", "special_links": "防護柵 Gf00/⑦剥離・鉄筋露出-d/2径間", "measurement": null, "damage_size": null, "classification": null, "pattern": null, "infra": 8, "article": 2, "table": 13}}, {"model": "infra.fullreportdata", "pk": 10193, "fields": {"parts_name": "防護柵 Gf0201", "damage_name": "⑦剥離・鉄筋露出-c", "parts_split": "防護柵 Gf00", "four_numbers": "0201", "join": "防護柵 Gf0201 : ⑦剥離・鉄筋露出-c", "picture_number": "", "this_time_picture": null, "last_time_picture": null, "textarea_content": "防護柵にコンクリートの剥離が見られる。", "damage_coordinate_x": "570592.6628878897", "damage_coordinate_y": "217381.6059456724", "picture_coordinate_x": "570867.9756552395", "picture_coordinate_y": "217021.3087358776", "span_number": "2径間", "special_links": "防護柵 Gf00/⑦剥離・鉄筋露出-c/2径間", "measurement": null, "damage_size": null, "classification": null, "pattern": null, "infra": 8, "article": 2, "table": 13}}, {"model": "infra.fullreportdata", "pk": 10194, "fields": {"parts_name": "舗装 Pm0101", "damage_name": "⑮舗装の異常-e", "parts_split": "舗装 Pm00", "four_numbers": "0101", "join": "舗装 Pm0101 : ⑮舗装の異常-e, 舗装 Pm0201 : ⑮舗装の異常-e", "picture_number": "", "this_time_picture": null, "last_time_picture": null, "textarea_content": "舗装に最大幅0.0mmのひびわれ・舗装の土砂化が見られる。 \n【関連損傷】\n舗装 Pm0201:⑮舗装の異常-e", "damage_coordinate_x": "572250.0565505428", "damage_coordinate_y": "225164.7673630748", "picture_coordinate_x": "572498.4275586281", "picture_coordinate_y": "224839.1406174743", "span_number": "2径間", "special_links": "舗装 Pm00/⑮舗装の異常-e/2径間", "measurement": null, "damage_size": null, "classification": null, "pattern": null, "infra": 8, "article": 2, "table": 13}}, {"model": "infra.fullreportdata", "pk": 10195, "fields": {"parts_name": "舗装 Pm0201", "damage_name": "⑮舗装の異常-e", "parts_split": "舗装 Pm00", "four_numbers": "0201", "join": "舗装 Pm0101 : ⑮舗装の異常-e, 舗装 Pm0201 : ⑮舗装の異常-e", "picture_number": "", "this_time_picture": null, "last_time_picture": null, "textarea_content": "舗装に最大幅0.0mmのひびわれ・舗装の土砂化が見られる。 \n【関連損傷】\n舗装 Pm0201:⑮舗装の異常-e", "damage_coordinate_x": "572250.0565505428", "damage_coordinate_y": "225164.7673630748", "picture_coordinate_x": "572498.4275586281", "picture_coordinate_y": "224839.1406174743", "span_number": "2径間", "special_links": "舗装 Pm00/⑮舗装の異常-e/2径間", "measurement": null, "damage_size": null, "classification": null, "pattern": null, "infra": 8, "article": 2, "table": 13}}, {"model": "infra.fullreportdata", "pk": 10196, "fields": {"parts_name": "舗装 Pm0101", "damage_name": "㉔土砂詰まり-e", "parts_split": "舗装 Pm00", "four_numbers": "0101", "join": "舗装 Pm0101 : ㉔土砂詰まり-e", "picture_number": "", "this_time_picture": null, "last_time_picture": null, "textarea_content": "舗装に土砂詰まりが見られる。", "damage_coordinate_x": "575402.4944797053", "damage_coordinate_y": "227503.8976152274", "picture_coordinate_x": "575753.9706752877", "picture_coordinate_y": "227192.7034569031", "span_number": "2径間", "special_links": "舗装 Pm00/㉔土砂詰まり-e/2径間", "measurement": null, "damage_size": null, "classification": null, "pattern": null, "infra": 8, "article": 2, "table": 13}}, {"model": "infra.fullreportdata", "pk": 10197, "fields": {"parts_name": "舗装 Pm0201", "damage_name": "⑮舗装の異常-e", "parts_split": "舗装 Pm00", "four_numbers": "0201", "join": "舗装 Pm0201 : ⑮舗装の異常-e", "picture_number": "", "this_time_picture": null, "last_time_picture": null, "textarea_content": "舗装に最大幅0.0mmのひびわれ・舗装の土砂化が見られる。", "damage_coordinate_x": "582189.0897682084", "damage_coordinate_y": "217381.6059456724", "picture_coordinate_x": "584263.8022292338", "picture_coordinate_y": "217411.4174302613", "span_number": "2径間", "special_links": "舗装 Pm00/⑮舗装の異常-e/2径間", "measurement": null, "damage_size": null, "classification": null, "pattern": null, "infra": 8, "article": 2, "table": 13}}, {"model": "infra.fullreportdata", "pk": 10198, "fields": {"parts_name": "舗装 Pm0201", "damage_name": "⑮舗装の異常-e", "parts_split": "舗装 Pm00", "four_numbers": "0201", "join": "舗装 Pm0201 : ⑮舗装の異常-e", "picture_number": "", "this_time_picture": null, "last_time_picture": null, "textarea_content": "舗装に最大幅0.0mmのひびわれ・舗装の土砂化が見られる。", "damage_coordinate_x": "587153.7399810399", "damage_coordinate_y": "220531.0756502239", "picture_coordinate_x": "589176.0496139133", "picture_coordinate_y": "220550.7776329561", "span_number": "2径間", "special_links": "舗装 Pm00/⑮舗装の異常-e/2径間", "measurement": null, "damage_size": null, "classification": null, "pattern": null, "infra": 8, "article": 2, "table": 13}}, {"model": "infra.fullreportdata", "pk": 10199, "fields": {"parts_name": "舗装 Pm0201", "damage_name": "㉔土砂詰まり-e", "parts_split": "舗装 Pm00", "four_numbers": "0201", "join": "舗装 Pm0201 : ㉔土砂詰まり-e", "picture_number": "", "this_time_picture": null, "last_time_picture": null, "textarea_content": "舗装に土砂詰まりが見られる。", "damage_coordinate_x": "570834.5220314489", "damage_coordinate_y": "220531.0756502239", "picture_coordinate_x": "570941.6020477653", "picture_coordinate_y": "220167.6558934028", "span_number": "2径間", "special_links": "舗装 Pm00/㉔土砂詰まり-e/2径間", "measurement": null, "damage_size": null, "classification": null, "pattern": null, "infra": 8, "article": 2, "table": 13}}, {"model": "infra.fullreportdata", "pk": 10200, "fields": {"parts_name": "排水ます Dr0101", "damage_name": "⑰その他(分類6:埋没)-e", "parts_split": "排水ます Dr00", "four_numbers": "0101", "join": "排水ます Dr0101 : ⑰その他(分類6:埋没)-e", "picture_number": "", "this_time_picture": null, "last_time_picture": null, "textarea_content": "排水ますに埋没が見られる。", "damage_coordinate_x": "575294.2054744803", "damage_coordinate_y": "228868.5013850681", "picture_coordinate_x": "577317.3056221061", "picture_coordinate_y": "228837.0789344727", "span_number": "2径間", "special_links": "排水ます Dr00/⑰その他(分類6:埋没)-e/2径間", "measurement": null, "damage_size": null, "classification": null, "pattern": null, "infra": 8, "article": 2, "table": 13}}, {"model": "infra.fullreportdata", "pk": 10201, "fields": {"parts_name": "排水ます Dr0102", "damage_name": "⑰その他(分類6:埋没)-e", "parts_split": "排水ます Dr00", "four_numbers": "0102", "join": "排水ます Dr0102 : ⑰その他(分類6:埋没)-e, 排水ます Dr0201 : ⑰その他(分類6:埋没)-e, 排水ます Dr0202 : ⑰その他(分類6:埋没)-e", "picture_number": "", "this_time_picture": null, "last_time_picture": null, "textarea_content": "排水ますに埋没が見られる。 \n【関連損傷】\n排水ます Dr0201,排水ます Dr0202:⑰その他(分類6:埋没)-e", "damage_coordinate_x": "567053.8397272679", "damage_coordinate_y": "215977.5780402338", "picture_coordinate_x": null, "picture_coordinate_y": null, "span_number": "2径間", "special_links": "排水ます Dr00/⑰その他(分類6:埋没)-e/2径間", "measurement": null, "damage_size": null, "classification": null, "pattern": null, "infra": 8, "article": 2, "table": 13}}, {"model": "infra.fullreportdata", "pk": 10202, "fields": {"parts_name": "排水ます Dr0201", "damage_name": "⑰その他(分類6:埋没)-e", "parts_split": "排水ます Dr00", "four_numbers": "0201", "join": "排水ます Dr0102 : ⑰その他(分類6:埋没)-e, 排水ます Dr0201 : ⑰その他(分類6:埋没)-e, 排水ます Dr0202 : ⑰その他(分類6:埋没)-e", "picture_number": "", "this_time_picture": null, "last_time_picture": null, "textarea_content": "排水ますに埋没が見られる。 \n【関連損傷】\n排水ます Dr0201,排水ます Dr0202:⑰その他(分類6:埋没)-e", "damage_coordinate_x": "567053.8397272679", "damage_coordinate_y": "215977.5780402338", "picture_coordinate_x": null, "picture_coordinate_y": null, "span_number": "2径間", "special_links": "排水ます Dr00/⑰その他(分類6:埋没)-e/2径間", "measurement": null, "damage_size": null, "classification": null, "pattern": null, "infra": 8, "article": 2, "table": 13}}, {"model": "infra.fullreportdata", "pk": 10203, "fields": {"parts_name": "排水ます Dr0202", "damage_name": "⑰その他(分類6:埋没)-e", "parts_split": "排水ます Dr00", "four_numbers": "0202", "join": "排水ます Dr0102 : ⑰その他(分類6:埋没)-e, 排水ます Dr0201 : ⑰その他(分類6:埋没)-e, 排水ます Dr0202 : ⑰その他(分類6:埋没)-e", "picture_number": "", "this_time_picture": null, "last_time_picture": null, "textarea_content": "排水ますに埋没が見られる。 \n【関連損傷】\n排水ます Dr0201,排水ます Dr0202:⑰その他(分類6:埋没)-e", "damage_coordinate_x": "567053.8397272679", "damage_coordinate_y": "215977.5780402338", "picture_coordinate_x": null, "picture_coordinate_y": null, "span_number": "2径間", "special_links": "排水ます Dr00/⑰その他(分類6:埋没)-e/2径間", "measurement": null, "damage_size": null, "classification": null, "pattern": null, "infra": 8, "article": 2, "table": 13}}, {"model": "infra.damagelist", "pk": 38, "fields": {"parts_name": "主桁", "symbol": "Mg", "number": "0101", "material": "C", "main_parts": "〇", "damage_name": "剥離・鉄筋露出", "damage_lank": "d", "classification": null, "pattern": null, "span_number": "1", "infra": 1, "article": 1}}, {"model": "infra.damagelist", "pk": 39, "fields": {"parts_name": "主桁", "symbol": "Mg", "number": "0102", "material": "C", "main_parts": "〇", "damage_name": "剥離・鉄筋露出", "damage_lank": "d", "classification": null, "pattern": null, "span_number": "1", "infra": 1, "article": 1}}, {"model": "infra.damagelist", "pk": 40, "fields": {"parts_name": "主桁", "symbol": "Mg", "number": "0103", "material": "C", "main_parts": "〇", "damage_name": "剥離・鉄筋露出", "damage_lank": "d", "classification": null, "pattern": null, "span_number": "1", "infra": 1, "article": 1}}, {"model": "infra.damagelist", "pk": 41, "fields": {"parts_name": "主桁", "symbol": "Mg", "number": "0104", "material": "C", "main_parts": "〇", "damage_name": "剥離・鉄筋露出", "damage_lank": "d", "classification": null, "pattern": null, "span_number": "1", "infra": 1, "article": 1}}, {"model": "infra.damagelist", "pk": 42, "fields": {"parts_name": "主桁", "symbol": "Mg", "number": "0201", "material": "C", "main_parts": "〇", "damage_name": "剥離・鉄筋露出", "damage_lank": "d", "classification": null, "pattern": null, "span_number": "1", "infra": 1, "article": 1}}, {"model": "infra.damagelist", "pk": 43, "fields": {"parts_name": "主桁", "symbol": "Mg", "number": "0202", "material": "C", "main_parts": "〇", "damage_name": "剥離・鉄筋露出", "damage_lank": "d", "classification": null, "pattern": null, "span_number": "1", "infra": 1, "article": 1}}, {"model": "infra.damagelist", "pk": 44, "fields": {"parts_name": "主桁", "symbol": "Mg", "number": "0203", "material": "C", "main_parts": "〇", "damage_name": "剥離・鉄筋露出", "damage_lank": "d", "classification": null, "pattern": null, "span_number": "1", "infra": 1, "article": 1}}, {"model": "infra.damagelist", "pk": 45, "fields": {"parts_name": "主桁", "symbol": "Mg", "number": "0204", "material": "C", "main_parts": "〇", "damage_name": "剥離・鉄筋露出", "damage_lank": "d", "classification": null, "pattern": null, "span_number": "1", "infra": 1, "article": 1}}, {"model": "infra.damagelist", "pk": 46, "fields": {"parts_name": "横桁", "symbol": "Cr", "number": "0101", "material": "C", "main_parts": "〇", "damage_name": "その他(分類6:施工不良)", "damage_lank": "e", "classification": null, "pattern": null, "span_number": "1", "infra": 1, "article": 1}}, {"model": "infra.damagelist", "pk": 47, "fields": {"parts_name": "横桁", "symbol": "Cr", "number": "0102", "material": "C", "main_parts": "〇", "damage_name": "その他(分類6:施工不良)", "damage_lank": "e", "classification": null, "pattern": null, "span_number": "1", "infra": 1, "article": 1}}, {"model": "infra.damagelist", "pk": 48, "fields": {"parts_name": "横桁", "symbol": "Cr", "number": "0103", "material": "C", "main_parts": "〇", "damage_name": "剥離・鉄筋露出", "damage_lank": "e", "classification": null, "pattern": null, "span_number": "1", "infra": 1, "article": 1}}, {"model": "infra.damagelist", "pk": 49, "fields": {"parts_name": "横桁", "symbol": "Cr", "number": "0103", "material": "C", "main_parts": "〇", "damage_name": "変形・欠損", "damage_lank": "c", "classification": null, "pattern": null, "span_number": "1", "infra": 1, "article": 1}}, {"model": "infra.damagelist", "pk": 50, "fields": {"parts_name": "横桁", "symbol": "Cr", "number": "0201", "material": "C", "main_parts": "〇", "damage_name": "剥離・鉄筋露出", "damage_lank": "d", "classification": null, "pattern": null, "span_number": "1", "infra": 1, "article": 1}}, {"model": "infra.damagelist", "pk": 51, "fields": {"parts_name": "横桁", "symbol": "Cr", "number": "0204", "material": "C", "main_parts": "〇", "damage_name": "剥離・鉄筋露出", "damage_lank": "e", "classification": null, "pattern": null, "span_number": "1", "infra": 1, "article": 1}}, {"model": "infra.damagelist", "pk": 52, "fields": {"parts_name": "横桁", "symbol": "Cr", "number": "0301", "material": "C", "main_parts": "〇", "damage_name": "剥離・鉄筋露出", "damage_lank": "d", "classification": null, "pattern": null, "span_number": "1", "infra": 1, "article": 1}}, {"model": "infra.damagelist", "pk": 53, "fields": {"parts_name": "横桁", "symbol": "Cr", "number": "0304", "material": "C", "main_parts": "〇", "damage_name": "剥離・鉄筋露出", "damage_lank": "e", "classification": null, "pattern": null, "span_number": "1", "infra": 1, "article": 1}}, {"model": "infra.damagelist", "pk": 54, "fields": {"parts_name": "横桁", "symbol": "Cr", "number": "0401", "material": "C", "main_parts": "〇", "damage_name": "剥離・鉄筋露出", "damage_lank": "e", "classification": null, "pattern": null, "span_number": "1", "infra": 1, "article": 1}}, {"model": "infra.damagelist", "pk": 55, "fields": {"parts_name": "横桁", "symbol": "Cr", "number": "0402", "material": "C", "main_parts": "〇", "damage_name": "剥離・鉄筋露出", "damage_lank": "d", "classification": null, "pattern": null, "span_number": "1", "infra": 1, "article": 1}}, {"model": "infra.damagelist", "pk": 56, "fields": {"parts_name": "横桁", "symbol": "Cr", "number": "0403", "material": "C", "main_parts": "〇", "damage_name": "剥離・鉄筋露出", "damage_lank": "d", "classification": null, "pattern": null, "span_number": "1", "infra": 1, "article": 1}}, {"model": "infra.damagelist", "pk": 57, "fields": {"parts_name": "横桁", "symbol": "Cr", "number": "0503", "material": "C", "main_parts": "〇", "damage_name": "剥離・鉄筋露出", "damage_lank": "d", "classification": null, "pattern": null, "span_number": "1", "infra": 1, "article": 1}}, {"model": "infra.damagelist", "pk": 58, "fields": {"parts_name": "横桁", "symbol": "Cr", "number": "0602", "material": "C", "main_parts": "〇", "damage_name": "剥離・鉄筋露出", "damage_lank": "d", "classification": null, "pattern": null, "span_number": "1", "infra": 1, "article": 1}}, {"model": "infra.damagelist", "pk": 59, "fields": {"parts_name": "横桁", "symbol": "Cr", "number": "0604", "material": "C", "main_parts": "〇", "damage_name": "剥離・鉄筋露出", "damage_lank": "d", "classification": null, "pattern": null, "span_number": "1", "infra": 1, "article": 1}}, {"model": "infra.damagelist", "pk": 60, "fields": {"parts_name": "横桁", "symbol": "Cr", "number": "0704", "material": "C", "main_parts": "〇", "damage_name": "剥離・鉄筋露出", "damage_lank": "d", "classification": null, "pattern": null, "span_number": "1", "infra": 1, "article": 1}}, {"model": "infra.damagelist", "pk": 61, "fields": {"parts_name": "横桁", "symbol": "Cr", "number": "0801", "material": "C", "main_parts": "〇", "damage_name": "剥離・鉄筋露出", "damage_lank": "d", "classification": null, "pattern": null, "span_number": "1", "infra": 1, "article": 1}}, {"model": "infra.damagelist", "pk": 62, "fields": {"parts_name": "横桁", "symbol": "Cr", "number": "0802", "material": "C", "main_parts": "〇", "damage_name": "剥離・鉄筋露出", "damage_lank": "e", "classification": null, "pattern": null, "span_number": "1", "infra": 1, "article": 1}}, {"model": "infra.damagelist", "pk": 63, "fields": {"parts_name": "横桁", "symbol": "Cr", "number": "0803", "material": "C", "main_parts": "〇", "damage_name": "剥離・鉄筋露出", "damage_lank": "d", "classification": null, "pattern": null, "span_number": "1", "infra": 1, "article": 1}}, {"model": "infra.damagelist", "pk": 64, "fields": {"parts_name": "支承本体", "symbol": "Bh", "number": "0102", "material": "R", "main_parts": "", "damage_name": "NON", "damage_lank": "a", "classification": null, "pattern": null, "span_number": "1", "infra": 1, "article": 1}}, {"model": "infra.damagecomment", "pk": 84, "fields": {"parts_name": "主桁 01", "comment_parts_name": "主桁", "replace_name": "01", "parts_number": "01", "main_parts": "〇", "material": "C", "damage_name": "剥離・鉄筋露出", "number": 7, "damage_max_lank": "d", "damage_min_lank": "d", "this_time_picture": "", "jadgement": null, "cause": null, "comment": null, "auto_comment": "主桁に鉄筋露出が見られる。", "span_number": "1", "infra": 1, "article": 1}}, {"model": "infra.damagecomment", "pk": 85, "fields": {"parts_name": "主桁 02", "comment_parts_name": "主桁", "replace_name": "01", "parts_number": "02", "main_parts": "〇", "material": "C", "damage_name": "剥離・鉄筋露出", "number": 7, "damage_max_lank": "d", "damage_min_lank": "d", "this_time_picture": "", "jadgement": null, "cause": null, "comment": null, "auto_comment": "主桁に鉄筋露出が見られる。", "span_number": "1", "infra": 1, "article": 1}}, {"model": "infra.damagecomment", "pk": 86, "fields": {"parts_name": "横桁 01", "comment_parts_name": "横桁", "replace_name": "02", "parts_number": "01", "main_parts": "〇", "material": "C", "damage_name": "その他(分類6:施工不良)", "number": 17, "damage_max_lank": "e", "damage_min_lank": "e", "this_time_picture": "infra/img\\9月7日　佐藤　地上\\P9070496.JPG", "jadgement": null, "cause": null, "comment": null, "auto_comment": "横桁に施工不良が見られる。", "span_number": "1", "infra": 1, "article": 1}}, {"model": "infra.damagecomment", "pk": 87, "fields": {"parts_name": "横桁 02", "comment_parts_name": "横桁", "replace_name": "02", "parts_number": "02", "main_parts": "〇", "material": "C", "damage_name": "その他(分類6:施工不良)", "number": 17, "damage_max_lank": "e", "damage_min_lank": "e", "this_time_picture": "infra/img\\9月7日　佐藤　地上\\P9070424.JPG, infra/img\\9月7日　佐藤　地上\\P9070430.JPG", "jadgement": null, "cause": null, "comment": null, "auto_comment": "横桁に施工不良が見られる。", "span_number": "1", "infra": 1, "article": 1}}, {"model": "infra.damagecomment", "pk": 88, "fields": {"parts_name": "横桁 03", "comment_parts_name": "横桁", "replace_name": "02", "parts_number": "03", "main_parts": "〇", "material": "C", "damage_name": "剥離・鉄筋露出", "number": 7, "damage_max_lank": "e", "damage_min_lank": "d", "this_time_picture": "infra/img\\9月7日　佐藤　地上\\P9070433.JPG,infra/img\\9月7日　佐藤　地上\\P9070458.JPG,infra/img\\9月7日　佐藤　地上\\P9070450.JPG, infra/img\\9月7日　佐藤　地上\\P9070452.JPG", "jadgement": null, "cause": null, "comment": null, "auto_comment": "横桁に鉄筋の減肉を伴う鉄筋露出が見られる。", "span_number": "1", "infra": 1, "article": 1}}, {"model": "infra.damagecomment", "pk": 89, "fields": {"parts_name": "横桁 03", "comment_parts_name": "横桁", "replace_name": "02", "parts_number": "03", "main_parts": "〇", "material": "C", "damage_name": "変形・欠損", "number": 17, "damage_max_lank": "c", "damage_min_lank": "c", "this_time_picture": "infra/img\\9月7日　佐藤　地上\\P9070433.JPG", "jadgement": null, "cause": null, "comment": null, "auto_comment": "横桁にが見られる。", "span_number": "1", "infra": 1, "article": 1}}, {"model": "infra.damagecomment", "pk": 90, "fields": {"parts_name": "横桁 01", "comment_parts_name": "横桁", "replace_name": "02", "parts_number": "01", "main_parts": "〇", "material": "C", "damage_name": "剥離・鉄筋露出", "number": 7, "damage_max_lank": "e", "damage_min_lank": "d", "this_time_picture": "infra/img\\9月7日　佐藤　地上\\P9070525.JPG,infra/img\\9月7日　佐藤　地上\\P9070523.JPG", "jadgement": null, "cause": null, "comment": null, "auto_comment": "横桁に鉄筋の減肉を伴う鉄筋露出が見られる。", "span_number": "1", "infra": 1, "article": 1}}, {"model": "infra.damagecomment", "pk": 91, "fields": {"parts_name": "横桁 04", "comment_parts_name": "横桁", "replace_name": "02", "parts_number": "04", "main_parts": "〇", "material": "C", "damage_name": "剥離・鉄筋露出", "number": 7, "damage_max_lank": "e", "damage_min_lank": "d", "this_time_picture": "infra/img\\9月7日　佐藤　地上\\P9070478.JPG,infra/img\\9月7日　佐藤　地上\\P9070476.JPG", "jadgement": null, "cause": null, "comment": null, "auto_comment": "横桁に鉄筋の減肉を伴う鉄筋露出が見られる。", "span_number": "1", "infra": 1, "article": 1}}, {"model": "infra.damagecomment", "pk": 92, "fields": {"parts_name": "横桁 02", "comment_parts_name": "横桁", "replace_name": "02", "parts_number": "02", "main_parts": "〇", "material": "C", "damage_name": "剥離・鉄筋露出", "number": 7, "damage_max_lank": "e", "damage_min_lank": "d", "this_time_picture": "infra/img\\9月7日　佐藤　地上\\P9070396.JPG, infra/img\\9月7日　佐藤　地上\\P9070412.JPG", "jadgement": null, "cause": null, "comment": null, "auto_comment": "横桁に鉄筋の減肉を伴う鉄筋露出が見られる。", "span_number": "1", "infra": 1, "article": 1}}, {"model": "infra.damagecomment", "pk": 93, "fields": {"parts_name": "支承本体", "comment_parts_name": "支承本体", "replace_name": "支承本体", "parts_number": "00", "main_parts": "", "material": "R", "damage_name": "NON", "number": 17, "damage_max_lank": "a", "damage_min_lank": "a", "this_time_picture": "", "jadgement": null, "cause": null, "comment": null, "auto_comment": "健全である。", "span_number": "1", "infra": 1, "article": 1}}]